urn:cts:latinLit:phi0690.phi001:1.1	Tityre, tu patulae recubans sub tegmine fagi
urn:cts:latinLit:phi0690.phi001:1.2	silvestrem tenui Musam meditaris avena;
urn:cts:latinLit:phi0690.phi001:1.3	nos patriae fines et dulcia linquimus arva:
urn:cts:latinLit:phi0690.phi001:1.4	nos patriam fugimus; tu, Tityre, lentus in umbra
urn:cts:latinLit:phi0690.phi001:1.5	formosam resonare doces Amaryllida silvas.
urn:cts:latinLit:phi0690.phi001:1.6	O Meliboee, deus nobis haec otia fecit:
urn:cts:latinLit:phi0690.phi001:1.7	namque erit ille mihi semper deus; illius aram
urn:cts:latinLit:phi0690.phi001:1.8	saepe tener nostris ab ovilibus imbuet agnus.
urn:cts:latinLit:phi0690.phi001:1.9	Ille meas errare boves, ut cernis, et ipsum
urn:cts:latinLit:phi0690.phi001:1.10	ludere, quae vellem, calamo permisit agresti
urn:cts:latinLit:phi0690.phi001:1.11	Non equidem invideo; miror magis: undique totis
urn:cts:latinLit:phi0690.phi001:1.12	usque adeo turbatur agris. En, ipse capellas
urn:cts:latinLit:phi0690.phi001:1.13	protinus aeger ago; hanc etiam vix, Tityre, duco:
urn:cts:latinLit:phi0690.phi001:1.14	hic inter densas corylos modo namque gemellos,
urn:cts:latinLit:phi0690.phi001:1.15	spem gregis, ah, silice in nuda conixa reliquit.
urn:cts:latinLit:phi0690.phi001:1.16	Saepe malum hoc nobis, si mens non laeva fuisset,
urn:cts:latinLit:phi0690.phi001:1.17	de caelo tactas memini praedicere quercus:—
urn:cts:latinLit:phi0690.phi001:1.19	Sed tamen, iste deus qui sit, da, Tityre, nobis.
urn:cts:latinLit:phi0690.phi001:1.20	Urbem, quam dicunt Romam, Meliboee, putavi
urn:cts:latinLit:phi0690.phi001:1.21	stultus ego huic nostrae similem, quo saepe solemus
urn:cts:latinLit:phi0690.phi001:1.22	pastores ovium teneros depellere fetus:
urn:cts:latinLit:phi0690.phi001:1.23	sic canibus catulos similis, sic matribus haedos
urn:cts:latinLit:phi0690.phi001:1.24	noram, sic parvis componere magna solebam:
urn:cts:latinLit:phi0690.phi001:1.25	verum haec tantum alias inter caput extulit urbes,
urn:cts:latinLit:phi0690.phi001:1.26	quantum lenta solent inter viburna cupressi.
urn:cts:latinLit:phi0690.phi001:1.27	Et quae tanta fuit Romam tibi causa videndi?
urn:cts:latinLit:phi0690.phi001:1.28	Libertas; quae sera, tamen respexit inertem,
urn:cts:latinLit:phi0690.phi001:1.29	candidior postquam tondenti barba cadebat;
urn:cts:latinLit:phi0690.phi001:1.30	respexit tamen, et longo post tempore venit,
urn:cts:latinLit:phi0690.phi001:1.31	postquam nos Amaryllis habet, Galatea reliquit:
urn:cts:latinLit:phi0690.phi001:1.32	namque, fatebor enim, dum me Galatea tenebat,
urn:cts:latinLit:phi0690.phi001:1.33	nec spes libertatis erat, nec cura peculi:
urn:cts:latinLit:phi0690.phi001:1.34	quamvis multa meis exiret victima saeptis,
urn:cts:latinLit:phi0690.phi001:1.35	pinguis et ingratae premeretur caseus urbi,
urn:cts:latinLit:phi0690.phi001:1.36	non umquam gravis aere domum mihi dextra redibat.
urn:cts:latinLit:phi0690.phi001:1.37	Mirabar, quid maesta deos, Amarylli, vocares,
urn:cts:latinLit:phi0690.phi001:1.38	cui pendere sua patereris in arbore poma:
urn:cts:latinLit:phi0690.phi001:1.39	Tityrus hinc aberat. Ipsae te, Tityre, pinus,
urn:cts:latinLit:phi0690.phi001:1.40	ipsi te fontes, ipsa haec arbusta vocabant.
urn:cts:latinLit:phi0690.phi001:1.41	Quid facerem? Neque servitio me exire licebat,
urn:cts:latinLit:phi0690.phi001:1.42	nec tam praesentis alibi cognoscere divos.
urn:cts:latinLit:phi0690.phi001:1.43	hic illum vidi iuvenem, Meliboee, quot annis
urn:cts:latinLit:phi0690.phi001:1.44	bis senos cui nostra dies altaria fumant;
urn:cts:latinLit:phi0690.phi001:1.45	hic mihi responsum primus dedit ille petenti:
urn:cts:latinLit:phi0690.phi001:1.46	“pascite, ut ante, boves, pueri, submittite tauros.”
urn:cts:latinLit:phi0690.phi001:1.47	Fortunate senex, ergo tua rura manebunt,
urn:cts:latinLit:phi0690.phi001:1.48	et tibi magna satis, quamvis lapis omnia nudus
urn:cts:latinLit:phi0690.phi001:1.49	limosoque palus obducat pascua iunco!
urn:cts:latinLit:phi0690.phi001:1.50	Non insueta gravis temptabunt pabula fetas,
urn:cts:latinLit:phi0690.phi001:1.51	nec mala vicini pecoris contagia laedent.
urn:cts:latinLit:phi0690.phi001:1.52	Fortunate senex, hic, inter flumina nota
urn:cts:latinLit:phi0690.phi001:1.53	et fontis sacros, frigus captabis opacum!
urn:cts:latinLit:phi0690.phi001:1.54	hinc tibi, quae semper, vicino ab limite, saepes
urn:cts:latinLit:phi0690.phi001:1.55	Hyblaeis apibus florem depasta salicti
urn:cts:latinLit:phi0690.phi001:1.56	saepe levi somnum suadebit inire susurro;
urn:cts:latinLit:phi0690.phi001:1.57	hinc alta sub rupe canet frondator ad auras;
urn:cts:latinLit:phi0690.phi001:1.58	nec tamen interea raucae, tua cura, palumbes,
urn:cts:latinLit:phi0690.phi001:1.59	nec gemere aëria cessabit turtur ab ulmo.
urn:cts:latinLit:phi0690.phi001:1.60	Ante leves ergo pascentur in aequore cervi,
urn:cts:latinLit:phi0690.phi001:1.61	et freta destituent nudos in litore pisces,
urn:cts:latinLit:phi0690.phi001:1.62	ante pererratis amborum finibus exsul
urn:cts:latinLit:phi0690.phi001:1.63	aut Ararim Parthus bibet, aut Germania Tigrim,
urn:cts:latinLit:phi0690.phi001:1.64	quam nostro illius labatur pectore voltus.
urn:cts:latinLit:phi0690.phi001:1.65	At nos hinc alii sitientis ibimus Afros,
urn:cts:latinLit:phi0690.phi001:1.66	pars Scythiam et rapidum Cretae veniemus Oaxen,
urn:cts:latinLit:phi0690.phi001:1.67	et penitus toto divisos orbe Britannos.
urn:cts:latinLit:phi0690.phi001:1.68	En umquam patrios longo post tempore finis,
urn:cts:latinLit:phi0690.phi001:1.69	pauperis et tuguri congestum caespite culmen,
urn:cts:latinLit:phi0690.phi001:1.70	post aliquot mea regna videns mirabor aristas?
urn:cts:latinLit:phi0690.phi001:1.71	Impius haec tam culta novalia miles habebit,
urn:cts:latinLit:phi0690.phi001:1.72	barbarus has segetes? En, quo discordia civis
urn:cts:latinLit:phi0690.phi001:1.73	produxit miseros! His nos consevimus agros!
urn:cts:latinLit:phi0690.phi001:1.74	Insere nunc, Meliboee, piros, pone ordine vitis.
urn:cts:latinLit:phi0690.phi001:1.75	Ite meae, felix quondam pecus, ite capellae.
urn:cts:latinLit:phi0690.phi001:1.76	Non ego vos posthac, viridi proiectus in antro,
urn:cts:latinLit:phi0690.phi001:1.77	dumosa pendere procul de rupe videbo;
urn:cts:latinLit:phi0690.phi001:1.78	carmina nulla canam; non, me pascente, capellae,
urn:cts:latinLit:phi0690.phi001:1.79	florentem cytisum et salices carpetis amaras.
urn:cts:latinLit:phi0690.phi001:1.80	Hic tamen hanc mecum poteras requiescere noctem
urn:cts:latinLit:phi0690.phi001:1.81	fronde super viridi: sunt nobis mitia poma,
urn:cts:latinLit:phi0690.phi001:1.82	castaneae molles, et pressi copia lactis;
urn:cts:latinLit:phi0690.phi001:1.83	et iam summa procul villarum culmina fumant,
urn:cts:latinLit:phi0690.phi001:1.84	maioresque cadunt altis de montibus umbrae.
urn:cts:latinLit:phi0690.phi001:2.1	Formosum pastor Corydon ardebat Alexim,
urn:cts:latinLit:phi0690.phi001:2.2	delicias domini, nec quid speraret habebat;
urn:cts:latinLit:phi0690.phi001:2.3	tantum inter densas, umbrosa cacumina, fagos
urn:cts:latinLit:phi0690.phi001:2.4	adsidue veniebat. Ibi haec incondita solus
urn:cts:latinLit:phi0690.phi001:2.5	montibus et silvis studio iactabat inani:
urn:cts:latinLit:phi0690.phi001:2.6	O crudelis Alexi, nihil mea carmina curas?
urn:cts:latinLit:phi0690.phi001:2.7	Nil nostri miserere? Mori me denique coges.
urn:cts:latinLit:phi0690.phi001:2.8	nunc etiam pecudes umbras et frigora captant;
urn:cts:latinLit:phi0690.phi001:2.9	nunc viridis etiam occultant spineta lacertos,
urn:cts:latinLit:phi0690.phi001:2.10	Thestylis et rapido fessis messoribus aestu
urn:cts:latinLit:phi0690.phi001:2.11	alia serpyllumque herbas contundit olentis.
urn:cts:latinLit:phi0690.phi001:2.12	at mecum raucis, tua dum vestigia lustro,
urn:cts:latinLit:phi0690.phi001:2.13	sole sub ardenti resonant arbusta cicadis.
urn:cts:latinLit:phi0690.phi001:2.14	Nonne fuit satius tristis Amaryllidis iras
urn:cts:latinLit:phi0690.phi001:2.15	atque superba pati fastidia, nonne Menalcan,
urn:cts:latinLit:phi0690.phi001:2.16	quam vis ille niger, quamvis tu candidus esses ?
urn:cts:latinLit:phi0690.phi001:2.17	o formose puer, nimium ne crede colori!
urn:cts:latinLit:phi0690.phi001:2.18	alba ligustra cadunt, vaccinia nigra leguntur.
urn:cts:latinLit:phi0690.phi001:2.19	Despectus tibi sum, nec qui sim quaeris, Alexi,
urn:cts:latinLit:phi0690.phi001:2.20	quam dives pecoris, nivei quam lactis abundans.
urn:cts:latinLit:phi0690.phi001:2.21	mille meae Siculis errant in montibus agnae;
urn:cts:latinLit:phi0690.phi001:2.22	lac mihi non aestate novum, non frigore defit;
urn:cts:latinLit:phi0690.phi001:2.23	canto quae solitus, si quando armenta vocabat,
urn:cts:latinLit:phi0690.phi001:2.24	Amphion Dircaeus in Actaeo Aracimtho.
urn:cts:latinLit:phi0690.phi001:2.25	Nec sum adeo informis: nuper me in litore vidi,
urn:cts:latinLit:phi0690.phi001:2.26	cum placidum ventis staret mare; non ego Daphnim
urn:cts:latinLit:phi0690.phi001:2.27	iudice te metuam, si numquam fallit imago.
urn:cts:latinLit:phi0690.phi001:2.28	O tantum libeat mecum tibi sordida rura
urn:cts:latinLit:phi0690.phi001:2.29	atque humilis habitare casas, et figere cervos,
urn:cts:latinLit:phi0690.phi001:2.30	haedorumque gregem viridi compellere hibisco!
urn:cts:latinLit:phi0690.phi001:2.31	Mecum una in silvis imitabere Pana canendo.
urn:cts:latinLit:phi0690.phi001:2.32	Pan primus calamos cera coniungere pluris
urn:cts:latinLit:phi0690.phi001:2.33	instituit; Pan curat ovis oviumque magistros.
urn:cts:latinLit:phi0690.phi001:2.34	Nec te paeniteat calamo trivisse labellum:
urn:cts:latinLit:phi0690.phi001:2.35	haec eadem ut sciret, quid non faciebat Amyntas?
urn:cts:latinLit:phi0690.phi001:2.36	est mihi disparibus septem compacta cicutis
urn:cts:latinLit:phi0690.phi001:2.37	fistula, Damoetas dono mihi quam dedit olim,
urn:cts:latinLit:phi0690.phi001:2.38	et dixit moriens: “Te nunc habet ista secundum.”
urn:cts:latinLit:phi0690.phi001:2.39	dixit Damoetas, invidit stultus Amyntas.
urn:cts:latinLit:phi0690.phi001:2.40	Praeterea duo, nec tuta mihi valle reperti,
urn:cts:latinLit:phi0690.phi001:2.41	capreoli, sparsis etiam nunc pellibus albo,
urn:cts:latinLit:phi0690.phi001:2.42	bina die siccant ovis ubera; quos tibi servo:
urn:cts:latinLit:phi0690.phi001:2.43	iam pridem a me illos abducere Thestylis orat;
urn:cts:latinLit:phi0690.phi001:2.44	et faciet, quoniam sordent tibi munera nostra.
urn:cts:latinLit:phi0690.phi001:2.45	Huc ades, O formose puer: tibi lilia plenis
urn:cts:latinLit:phi0690.phi001:2.46	ecce ferunt Nymphae calathis; tibi candida Nais,
urn:cts:latinLit:phi0690.phi001:2.47	pallentis violas et summa papavera carpens,
urn:cts:latinLit:phi0690.phi001:2.48	narcissum et florem iungit bene olentis anethi;
urn:cts:latinLit:phi0690.phi001:2.49	tum casia atque aliis intexens suavibus herbis,
urn:cts:latinLit:phi0690.phi001:2.50	mollia luteola pingit vaccinia calta.
urn:cts:latinLit:phi0690.phi001:2.51	Ipse ego cana legam tenera lanugine mala,
urn:cts:latinLit:phi0690.phi001:2.52	castaneasque nuces, mea quas Amaryllis amabat;
urn:cts:latinLit:phi0690.phi001:2.53	addam cerea pruna: honos erit huic quoque pomo;
urn:cts:latinLit:phi0690.phi001:2.54	et vos, O lauri, carpam, et te, proxima myrte,
urn:cts:latinLit:phi0690.phi001:2.55	sic positae quoniam suavis miscetis odores.
urn:cts:latinLit:phi0690.phi001:2.56	Rusticus es, Corydon: nec munera curat Alexis,
urn:cts:latinLit:phi0690.phi001:2.57	nec, si muneribus certes, concedat Iollas.
urn:cts:latinLit:phi0690.phi001:2.58	Heu, heu, quid volui misero mihi! Floribus austrum
urn:cts:latinLit:phi0690.phi001:2.59	perditus et liquidis inmisi fontibus apros.
urn:cts:latinLit:phi0690.phi001:2.60	Quem fugis, ah, demens? Habitarunt di quoque silvas,
urn:cts:latinLit:phi0690.phi001:2.61	Dardaniusque Paris. Pallas, quas condidit arces,
urn:cts:latinLit:phi0690.phi001:2.62	ipsa colat; nobis placeant ante omnia silvae.
urn:cts:latinLit:phi0690.phi001:2.63	Torva leaena lupum sequitur; lupus ipse capellam;
urn:cts:latinLit:phi0690.phi001:2.64	florentem cytisum sequitur lasciva capella;
urn:cts:latinLit:phi0690.phi001:2.65	te Corydon, o Alexi: trahit sua quemque voluptas.
urn:cts:latinLit:phi0690.phi001:2.66	Aspice, aratra iugo referunt suspensa iuvenci,
urn:cts:latinLit:phi0690.phi001:2.67	et sol crescentis decedens duplicat umbras:
urn:cts:latinLit:phi0690.phi001:2.68	me tamen urit amor; quis enim modus adsit amori?
urn:cts:latinLit:phi0690.phi001:2.69	Ah, Corydon, Corydon, quae te dementia cepit!
urn:cts:latinLit:phi0690.phi001:2.70	Semiputata tibi frondosa vitis in ulmo est;
urn:cts:latinLit:phi0690.phi001:2.71	quin tu aliquid saltem potius, quorum indiget usus,
urn:cts:latinLit:phi0690.phi001:2.72	viminibus mollique paras detexere iunco?
urn:cts:latinLit:phi0690.phi001:2.73	Invenies alium, si te hic fastidit, Alexim.
urn:cts:latinLit:phi0690.phi001:3.1	Dic mihi, Damoeta, cuium pecus, an Meliboei?
urn:cts:latinLit:phi0690.phi001:3.2	Non, verum Aegonis; nuper mihi tradidit Aegon.
urn:cts:latinLit:phi0690.phi001:3.3	Infelix o semper, ovis, pecus, ipse Neaeram
urn:cts:latinLit:phi0690.phi001:3.4	dum fovet, ac ne me sibi praeferat illa veretur,
urn:cts:latinLit:phi0690.phi001:3.5	hic alienus ovis custos bis mulget in hora,
urn:cts:latinLit:phi0690.phi001:3.6	et sucus pecori et lac subducitur agnis.
urn:cts:latinLit:phi0690.phi001:3.7	Parcius ista viris tamen obicienda memento:
urn:cts:latinLit:phi0690.phi001:3.8	novimus et qui te, transversa tuentibus hircis,
urn:cts:latinLit:phi0690.phi001:3.9	et quo—sed faciles Nymphae risere—sacello.
urn:cts:latinLit:phi0690.phi001:3.10	Tum, credo, cum me arbustum videre Miconis
urn:cts:latinLit:phi0690.phi001:3.11	atque mala vitis incidere falce novellas.
urn:cts:latinLit:phi0690.phi001:3.12	Aut hic ad veteres fagos cum Daphnidis arcum
urn:cts:latinLit:phi0690.phi001:3.13	fregisti et calamos quae tu, perverse Menalca,
urn:cts:latinLit:phi0690.phi001:3.14	et cum vidisti puero donata, dolebas,
urn:cts:latinLit:phi0690.phi001:3.15	et si non aliqua nocuisses, mortuus esses.
urn:cts:latinLit:phi0690.phi001:3.16	Quid domini faciant, audent cum talia fures!
urn:cts:latinLit:phi0690.phi001:3.17	non ego te vidi Damonis, pessime, caprum
urn:cts:latinLit:phi0690.phi001:3.18	excipere insidiis, multum latrante Lycisca?
urn:cts:latinLit:phi0690.phi001:3.19	et cum clamarem: “Quo nunc se proripit ille?
urn:cts:latinLit:phi0690.phi001:3.20	Tityre, coge pecus,” tu post carecta latebas.
urn:cts:latinLit:phi0690.phi001:3.21	An mihi cantando victus non redderet ille
urn:cts:latinLit:phi0690.phi001:3.22	quem mea carminibus meruisset fistula caprum?
urn:cts:latinLit:phi0690.phi001:3.23	Si nescis, meus ille caper fuit; et mihi Damon
urn:cts:latinLit:phi0690.phi001:3.24	ipse fatebatur, sed reddere posse negabat.
urn:cts:latinLit:phi0690.phi001:3.25	Cantando tu illum, aut umquam tibi fistula cera
urn:cts:latinLit:phi0690.phi001:3.26	iuncta fuit? Non tu in triviis, indocte, solebas
urn:cts:latinLit:phi0690.phi001:3.27	stridenti miserum stipula disperdere carmen?
urn:cts:latinLit:phi0690.phi001:3.28	Vis ergo inter nos quid possit uterque vicissim
urn:cts:latinLit:phi0690.phi001:3.29	experiamur? Ego hanc vitulam—ne forte recuses,
urn:cts:latinLit:phi0690.phi001:3.30	bis venit ad mulctram, binos alit ubere fetus—
urn:cts:latinLit:phi0690.phi001:3.31	depono: tu dic, mecum quo pignore certes.
urn:cts:latinLit:phi0690.phi001:3.32	De grege non ausim quicquam deponere tecum.
urn:cts:latinLit:phi0690.phi001:3.33	Est mihi namque domi pater, est iniusta noverca;
urn:cts:latinLit:phi0690.phi001:3.34	bisque die numerant ambo pecus, alter et haedos.
urn:cts:latinLit:phi0690.phi001:3.35	Verum, id quod multo tute ipse fatebere maius,
urn:cts:latinLit:phi0690.phi001:3.36	insanire libet quoniam tibi, pocula ponam
urn:cts:latinLit:phi0690.phi001:3.37	fagina, caelatum divini opus Alcimedontis;
urn:cts:latinLit:phi0690.phi001:3.38	lenta quibus torno facili superaddita vitis
urn:cts:latinLit:phi0690.phi001:3.39	diffusos hedera vestit pallente corymbos:
urn:cts:latinLit:phi0690.phi001:3.40	in medio duo signa, Conon, et—quis fuit alter,
urn:cts:latinLit:phi0690.phi001:3.41	descripsit radio totum qui gentibus orbem,
urn:cts:latinLit:phi0690.phi001:3.42	tempora quae messor, quae curvus arator haberet?
urn:cts:latinLit:phi0690.phi001:3.43	Necdum illis labra admovi, sed condita servo.
urn:cts:latinLit:phi0690.phi001:3.44	Et nobis idem Alcimedon duo pocula fecit,
urn:cts:latinLit:phi0690.phi001:3.45	et molli circum est ansas amplexus acantho,
urn:cts:latinLit:phi0690.phi001:3.46	Orpheaque in medio posuit silvasque sequentis.
urn:cts:latinLit:phi0690.phi001:3.47	Necdum illis labra admovi, sed condita servo:
urn:cts:latinLit:phi0690.phi001:3.48	si ad vitulam spectas, nihil est quod pocula laudes.
urn:cts:latinLit:phi0690.phi001:3.49	Nunquam hodie effugies; veniam, quocumque vocari
urn:cts:latinLit:phi0690.phi001:3.50	audiat haec tantum—vel qui venit ecce Palaemon
urn:cts:latinLit:phi0690.phi001:3.51	efficiam posthac ne quemquam voce lacessas.
urn:cts:latinLit:phi0690.phi001:3.52	Quin age, si quid habes, in me mora non erit ulla,
urn:cts:latinLit:phi0690.phi001:3.53	nec quemquam fugio: tantum, vicine Palaemon,
urn:cts:latinLit:phi0690.phi001:3.54	sensibus haec imis, res est non parva, reponas.
urn:cts:latinLit:phi0690.phi001:3.55	Dicite, quandoquidem in molli consedimus herba:
urn:cts:latinLit:phi0690.phi001:3.56	et nunc omnis ager, nunc omnis parturit arbos,
urn:cts:latinLit:phi0690.phi001:3.57	nunc frondent silvae, nunc formosissimus annus.
urn:cts:latinLit:phi0690.phi001:3.58	Incipe, Darmoeta; tu deinde sequere Menalca:
urn:cts:latinLit:phi0690.phi001:3.59	alternis dicetis; amant alterna Camenae.
urn:cts:latinLit:phi0690.phi001:3.60	Ab Iove principium, Musae; Iovis omnia plena:
urn:cts:latinLit:phi0690.phi001:3.61	ille colit terras, illi mea carmina curae.
urn:cts:latinLit:phi0690.phi001:3.62	Et me Phoebus amat; Phoebo sua semper apud me
urn:cts:latinLit:phi0690.phi001:3.63	munera sunt, lauri et suave rubens hyacinthus.
urn:cts:latinLit:phi0690.phi001:3.64	Malo me Galatea petit, lasciva puella,
urn:cts:latinLit:phi0690.phi001:3.65	et fugit ad salices, et se cupit ante videri.
urn:cts:latinLit:phi0690.phi001:3.66	At mihi sese offert ultro, meus ignis, Amyntas,
urn:cts:latinLit:phi0690.phi001:3.67	notior ut iam sit canibus non Delia nostris.
urn:cts:latinLit:phi0690.phi001:3.68	Parta meae Veneri sunt munera: namque notavi
urn:cts:latinLit:phi0690.phi001:3.69	ipse locum, aëriae quo congessere palumbes.
urn:cts:latinLit:phi0690.phi001:3.70	Quod potui, puero silvestri ex arbore lecta
urn:cts:latinLit:phi0690.phi001:3.71	aurea mala decem misi; cras altera mittam.
urn:cts:latinLit:phi0690.phi001:3.72	O quotiens et quae nobis Galatea locuta est!
urn:cts:latinLit:phi0690.phi001:3.73	partem aliquam, venti, divom referatis ad auris!
urn:cts:latinLit:phi0690.phi001:3.74	Quid prodest, quod me ipse animo non spernis, Amynta.
urn:cts:latinLit:phi0690.phi001:3.75	si, dum tu sectaris apros, ego retia servo?
urn:cts:latinLit:phi0690.phi001:3.76	Phyllida mitte mihi: meus est natalis, Iolla;
urn:cts:latinLit:phi0690.phi001:3.77	cum faciam vitula pro frugibus, ipse venito.
urn:cts:latinLit:phi0690.phi001:3.78	Phyllida amo ante alias; nam me discedere flevit,
urn:cts:latinLit:phi0690.phi001:3.79	et longum “formose, vale, vale,” inquit, “Iolla.”
urn:cts:latinLit:phi0690.phi001:3.80	Triste lupus stabulis, maturis frugibus imbres.
urn:cts:latinLit:phi0690.phi001:3.81	arboribus venti, nobis Amaryllidis irae.
urn:cts:latinLit:phi0690.phi001:3.82	Dulce satis umor, depulsis arbutus haedis,
urn:cts:latinLit:phi0690.phi001:3.83	lenta salix feto pecori, mihi solus Amyntas.
urn:cts:latinLit:phi0690.phi001:3.84	Pollio amat nostram, quamvis est rustica, Musam:
urn:cts:latinLit:phi0690.phi001:3.85	Pierides vitulam lectori pascite vestro.
urn:cts:latinLit:phi0690.phi001:3.86	Pollio et ipse facit nova carmina: pascite taurum,
urn:cts:latinLit:phi0690.phi001:3.87	iam cornu petat et pedibus qui spargat arenam.
urn:cts:latinLit:phi0690.phi001:3.88	Qui te, Pollio, amat, veniat quo te quoque gaudet:
urn:cts:latinLit:phi0690.phi001:3.89	mella fluant illi, ferat et rubus asper amomum.
urn:cts:latinLit:phi0690.phi001:3.90	Qui Bavium non odit, amet tua carmina, Maevi,
urn:cts:latinLit:phi0690.phi001:3.91	atque idem iungat vulpes et mulgeat hircos.
urn:cts:latinLit:phi0690.phi001:3.92	Qui legitis flores et humi nascentia fraga,
urn:cts:latinLit:phi0690.phi001:3.93	frigidus, O pueri, fugite hinc, latet anguis in herba.
urn:cts:latinLit:phi0690.phi001:3.94	Parcite, oves, nimium procedere; non bene ripae
urn:cts:latinLit:phi0690.phi001:3.95	creditur; ipse aries etiam nunc vellera siccat.
urn:cts:latinLit:phi0690.phi001:3.96	Tityre, pascentes a flumine reice capellas:
urn:cts:latinLit:phi0690.phi001:3.97	ipse ubi tempus erit, omnis in fonte lavabo.
urn:cts:latinLit:phi0690.phi001:3.98	Cogite ovis, pueri; si lac praeceperit aestus,
urn:cts:latinLit:phi0690.phi001:3.99	ut nuper, frustra pressabimus ubera palmis.
urn:cts:latinLit:phi0690.phi001:3.100	Heu, heu, quam pingui macer est mihi taurus in ervo!
urn:cts:latinLit:phi0690.phi001:3.101	Idem amor exitium est pecori pecorisque magistro.
urn:cts:latinLit:phi0690.phi001:3.102	His certe neque amor causa est; vix ossibus haerent.
urn:cts:latinLit:phi0690.phi001:3.103	nescio quis teneros oculus mihi fascinat agnos.
urn:cts:latinLit:phi0690.phi001:3.104	Dic, quibus in terris—et eris mihi magnus Apollo—
urn:cts:latinLit:phi0690.phi001:3.105	tris pateat caeli spatium non amplius ulnas.
urn:cts:latinLit:phi0690.phi001:3.106	Dic, quibus in terris inscripti nomina regum
urn:cts:latinLit:phi0690.phi001:3.107	nascantur flores, et Phyllida solus habeto.
urn:cts:latinLit:phi0690.phi001:3.108	Non nostrum inter vos tantas componere lites.
urn:cts:latinLit:phi0690.phi001:3.109	Et vitula tu dignus, et hic, et quisquis amores
urn:cts:latinLit:phi0690.phi001:3.110	aut metuet dulces, aut experietur amaros.
urn:cts:latinLit:phi0690.phi001:3.111	Claudite iam rivos, pueri, sat prata biberunt.
urn:cts:latinLit:phi0690.phi001:4.1	Sicelides Musae, paulo maiora canamus!
urn:cts:latinLit:phi0690.phi001:4.2	Non omnis arbusta iuvant humilesque myricae;
urn:cts:latinLit:phi0690.phi001:4.3	si canimus silvas, silvae sint consule dignae.
urn:cts:latinLit:phi0690.phi001:4.4	Ultima Cumaei venit iam carminis aetas;
urn:cts:latinLit:phi0690.phi001:4.5	magnus ab integro saeclorum nascitur ordo:
urn:cts:latinLit:phi0690.phi001:4.6	iam redit et Virgo, redeunt Saturnia regna;
urn:cts:latinLit:phi0690.phi001:4.7	iam nova progenies caelo demittitur alto.
urn:cts:latinLit:phi0690.phi001:4.8	Tu modo nascenti puero, quo ferrea primum
urn:cts:latinLit:phi0690.phi001:4.9	desinet ac toto surget gens aurea mundo,
urn:cts:latinLit:phi0690.phi001:4.10	casta fave Lucina: tuus iam regnat Apollo.
urn:cts:latinLit:phi0690.phi001:4.11	Teque adeo decus hoc aevi te consule inibit,
urn:cts:latinLit:phi0690.phi001:4.12	Pollio, et incipient magni procedere menses.
urn:cts:latinLit:phi0690.phi001:4.13	te duce, si qua manent sceleris vestigia nostri,
urn:cts:latinLit:phi0690.phi001:4.14	inrita perpetua solvent formidine terras.
urn:cts:latinLit:phi0690.phi001:4.15	ille deum vitam accipiet, divisque videbit
urn:cts:latinLit:phi0690.phi001:4.16	permixtos heroas, et ipse videbitur illis,
urn:cts:latinLit:phi0690.phi001:4.17	pacatumque reget patriis virtutibus orbem.
urn:cts:latinLit:phi0690.phi001:4.18	At tibi prima, puer, nullo munuscula cultu
urn:cts:latinLit:phi0690.phi001:4.19	errantis hederas passim cum baccare tellus
urn:cts:latinLit:phi0690.phi001:4.20	mixtaque ridenti colocasia fundet acantho.
urn:cts:latinLit:phi0690.phi001:4.21	Ipsae lacte domum referent distenta capellae
urn:cts:latinLit:phi0690.phi001:4.22	ubera, nec magnos metuent armenta leones;
urn:cts:latinLit:phi0690.phi001:4.23	ipsa tibi blandos fundent cunabula flores,
urn:cts:latinLit:phi0690.phi001:4.24	occidet et serpens, et fallax herba veneni
urn:cts:latinLit:phi0690.phi001:4.25	occidet, Assyrium volgo nascetur amomum.
urn:cts:latinLit:phi0690.phi001:4.26	at simul heroum laudes et facta parentis
urn:cts:latinLit:phi0690.phi001:4.27	iam legere et quae sit poteris cognoscere virtus,
urn:cts:latinLit:phi0690.phi001:4.28	molli paulatim flavescet campus arista,
urn:cts:latinLit:phi0690.phi001:4.29	incultisque rubens pendebit sentibus uva,
urn:cts:latinLit:phi0690.phi001:4.30	et durae quercus sudabunt roscida mella
urn:cts:latinLit:phi0690.phi001:4.31	Pauca tamen suberunt priscae vestigia fraudis,
urn:cts:latinLit:phi0690.phi001:4.32	quae temptare Thetim ratibus, quae cingere muris
urn:cts:latinLit:phi0690.phi001:4.33	oppida, quae iubeant telluri infindere sulcos:
urn:cts:latinLit:phi0690.phi001:4.34	alter erit tum Tiphys, et altera quae vehat Argo
urn:cts:latinLit:phi0690.phi001:4.35	delectos Heroas; erunt etiam altera bella,
urn:cts:latinLit:phi0690.phi001:4.36	atque iterum ad Troiam magnus mittetur Achilles.
urn:cts:latinLit:phi0690.phi001:4.37	Hinc, ubi iam firmata virum te fecerit aetas,
urn:cts:latinLit:phi0690.phi001:4.38	cedet et ipse mari vector, nec nautica pinus
urn:cts:latinLit:phi0690.phi001:4.39	mutabit merces: omnis feret omnia tellus:
urn:cts:latinLit:phi0690.phi001:4.40	non rastros patietur humus, non vinea falcem;
urn:cts:latinLit:phi0690.phi001:4.41	robustus quoque iam tauris iuga solvet arator;
urn:cts:latinLit:phi0690.phi001:4.42	nec varios discet mentiri lana colores:
urn:cts:latinLit:phi0690.phi001:4.43	ipse sed in pratis aries iam suave rubenti
urn:cts:latinLit:phi0690.phi001:4.44	murice, iam croceo mutabit vellera luto;
urn:cts:latinLit:phi0690.phi001:4.45	sponte sua sandyx pascentis vestiet agnos.
urn:cts:latinLit:phi0690.phi001:4.46	Talia saecla, suis dixerunt, currite, fusis
urn:cts:latinLit:phi0690.phi001:4.47	concordes stabili fatorum numine Parcae.
urn:cts:latinLit:phi0690.phi001:4.48	Adgredere o magnos—aderit iam tempus—honores,
urn:cts:latinLit:phi0690.phi001:4.49	cara deum suboles, magnum Iovis incrementum!
urn:cts:latinLit:phi0690.phi001:4.50	Aspice convexo nutantem pondere mundum,
urn:cts:latinLit:phi0690.phi001:4.51	terrasque tractusque maris caelumque profundum!
urn:cts:latinLit:phi0690.phi001:4.52	Aspice, venturo laetentur ut omnia saeclo!
urn:cts:latinLit:phi0690.phi001:4.53	O mihi tam longae maneat pars ultima vitae,
urn:cts:latinLit:phi0690.phi001:4.54	spiritus et quantum sat erit tua dicere facta!
urn:cts:latinLit:phi0690.phi001:4.55	Non me carminibus vincet nec Thracius Orpheus,
urn:cts:latinLit:phi0690.phi001:4.56	nec Linus, huic mater quamvis atque huic pater adsit,
urn:cts:latinLit:phi0690.phi001:4.57	Orphei Calliopea, Lino formosus Apollo,
urn:cts:latinLit:phi0690.phi001:4.58	Pan etiam, Arcadia mecum si iudice certet,
urn:cts:latinLit:phi0690.phi001:4.59	Pan etiam Arcadia dicat se iudice victum.
urn:cts:latinLit:phi0690.phi001:4.60	Incipe, parve puer, risu cognoscere matrem,
urn:cts:latinLit:phi0690.phi001:4.61	matri longa decem tulerunt fastidia menses.
urn:cts:latinLit:phi0690.phi001:4.62	Incipe, parve puer, cui non risere parentes,
urn:cts:latinLit:phi0690.phi001:4.63	nec deus hunc mensa, dea nec dignata cubili est.
urn:cts:latinLit:phi0690.phi001:5.1	Cur non, Mopse, boni quoniam convenimus ambo,
urn:cts:latinLit:phi0690.phi001:5.2	tu calamos inflare levis, ego dicere versus,
urn:cts:latinLit:phi0690.phi001:5.3	hic corylis mixtas inter consedimus ulmos?
urn:cts:latinLit:phi0690.phi001:5.4	Tu maior; tibi me est aequum parere, Menalca,
urn:cts:latinLit:phi0690.phi001:5.5	sive sub incertas zephyris motantibus umbras,
urn:cts:latinLit:phi0690.phi001:5.6	sive antro potius succedimus: aspice, ut antrum
urn:cts:latinLit:phi0690.phi001:5.7	silvestris raris sparsit labrusca racemis.
urn:cts:latinLit:phi0690.phi001:5.8	Montibus in nostris solus tibi certat Amyntas.
urn:cts:latinLit:phi0690.phi001:5.9	Quid, si idem certet Phoebum superare canendo?
urn:cts:latinLit:phi0690.phi001:5.10	Incipe, Mopse, prior, si quos aut Phyllidis ignes,
urn:cts:latinLit:phi0690.phi001:5.11	aut Alconis habes laudes, aut iurgia Codri:
urn:cts:latinLit:phi0690.phi001:5.12	incipe, pascentis servabit Tityrus haedos.
urn:cts:latinLit:phi0690.phi001:5.13	Immo haec, in viridi nuper quae cortice fagi
urn:cts:latinLit:phi0690.phi001:5.14	carmina descripsi et modulans alterna notavi,
urn:cts:latinLit:phi0690.phi001:5.15	experiar, tu deinde iubeto ut certet Amyntas.
urn:cts:latinLit:phi0690.phi001:5.16	Lenta salix quantum pallenti cedit olivae,
urn:cts:latinLit:phi0690.phi001:5.17	puniceis humilis quantum saliunca rosetis,
urn:cts:latinLit:phi0690.phi001:5.18	iudicio nostro tantum tibi cedit Amyntas.
urn:cts:latinLit:phi0690.phi001:5.19	sed tu desine plura, puer; successimus antro.
urn:cts:latinLit:phi0690.phi001:5.20	Extinctum nymphae crudeli funere Daphnim
urn:cts:latinLit:phi0690.phi001:5.21	flebant; vos coryli testes et flumina nymphis;
urn:cts:latinLit:phi0690.phi001:5.22	cum complexa sui corpus miserabile nati,
urn:cts:latinLit:phi0690.phi001:5.23	atque deos atque astra vocat crudelia mater.
urn:cts:latinLit:phi0690.phi001:5.24	Non ulli pastos illis egere diebus
urn:cts:latinLit:phi0690.phi001:5.25	frigida, Daphni, boves ad flumina; nulla neque amnem
urn:cts:latinLit:phi0690.phi001:5.26	libavit quadrupes, nec graminis attigit herbam.
urn:cts:latinLit:phi0690.phi001:5.27	Daphni, tuum Poenos etiam ingemuisse leones
urn:cts:latinLit:phi0690.phi001:5.28	interitum montesque feri silvaeque loquuntur.
urn:cts:latinLit:phi0690.phi001:5.29	Daphnis et Armenias curru subiungere tigres
urn:cts:latinLit:phi0690.phi001:5.30	instituit; Daphnis thiasos inducere Bacchi,
urn:cts:latinLit:phi0690.phi001:5.31	et foliis lentas intexere mollibus hastas.
urn:cts:latinLit:phi0690.phi001:5.32	Vitis ut arboribus decori est, ut vitibus uvae,
urn:cts:latinLit:phi0690.phi001:5.33	ut gregibus tauri, segetes ut pinguibus arvis,
urn:cts:latinLit:phi0690.phi001:5.34	tu decus omne tuis. Postquam te fata tulerunt,
urn:cts:latinLit:phi0690.phi001:5.35	ipsa Pales agros atque ipse reliquit Apollo.
urn:cts:latinLit:phi0690.phi001:5.36	Grandia saepe quibus mandavimus hordea sulcis,
urn:cts:latinLit:phi0690.phi001:5.37	infelix lolium et steriles nascuntur avenae;
urn:cts:latinLit:phi0690.phi001:5.38	pro molli viola, pro purpureo narcisso,
urn:cts:latinLit:phi0690.phi001:5.39	carduus et spinis surgit paliurus acutis.
urn:cts:latinLit:phi0690.phi001:5.40	Spargite humum foliis, inducite fontibus umbras,
urn:cts:latinLit:phi0690.phi001:5.41	pastores, mandat fieri sibi talia Daphnis;
urn:cts:latinLit:phi0690.phi001:5.42	et tumulum facite, et tumulo superaddite carmen:
urn:cts:latinLit:phi0690.phi001:5.43	DAPHNIS EGO IN SILVIS HINC VSQUE AD SIDERA NOTVS
urn:cts:latinLit:phi0690.phi001:5.44	FORMONSI PECORIS CVSTOS FORMONSIOR IPSE.
urn:cts:latinLit:phi0690.phi001:5.45	Tale tuum carmen nobis, divine poeta,
urn:cts:latinLit:phi0690.phi001:5.46	quale sopor fessis in gramine, quale per aestum
urn:cts:latinLit:phi0690.phi001:5.47	dulcis aquae saliente sitim restinguere rivo:
urn:cts:latinLit:phi0690.phi001:5.48	nec calamis solum aequiparas, sed voce magistrum.
urn:cts:latinLit:phi0690.phi001:5.50	Nos tamen haec quocumque modo tibi nostra vicissim
urn:cts:latinLit:phi0690.phi001:5.51	dicemus, Daphnimque tuum tollemus ad astra;
urn:cts:latinLit:phi0690.phi001:5.52	Daphnin ad astra feremus: amavit nos quoque Daphnis.
urn:cts:latinLit:phi0690.phi001:5.53	An quicquam nobis tali sit munere maius
urn:cts:latinLit:phi0690.phi001:5.54	Et puer ipse fuit cantari dignus, et ista
urn:cts:latinLit:phi0690.phi001:5.55	iam pridem Stimichon laudavit carmina nobis.
urn:cts:latinLit:phi0690.phi001:5.56	Candidus insuetum miratur limen Olympi,
urn:cts:latinLit:phi0690.phi001:5.57	sub pedibusque videt nubes et sidera Daphnis.
urn:cts:latinLit:phi0690.phi001:5.58	ergo alacris silvas et cetera rura voluptas
urn:cts:latinLit:phi0690.phi001:5.59	Panaque pastoresque tenet, Dryadasque puellas;
urn:cts:latinLit:phi0690.phi001:5.60	nec lupus insidias pecori, nec retia cervis
urn:cts:latinLit:phi0690.phi001:5.61	ulla dolum meditantur: amat bonus otia Daphnis.
urn:cts:latinLit:phi0690.phi001:5.62	ipsi laetitia voces ad sidera iactant
urn:cts:latinLit:phi0690.phi001:5.63	intonsi montes; ipsae iam carmina rupes,
urn:cts:latinLit:phi0690.phi001:5.64	ipsa sonant arbusta: “Deus, deus ille, Menalca.”
urn:cts:latinLit:phi0690.phi001:5.65	Sis bonus O felixque tuis! En quattuor aras:
urn:cts:latinLit:phi0690.phi001:5.66	ecce duas tibi, Daphni, duas altaria Phoebo.
urn:cts:latinLit:phi0690.phi001:5.67	pocula bina novo spumantia lacte quotannis,
urn:cts:latinLit:phi0690.phi001:5.68	craterasque duo statuam tibi pinguis olivi,
urn:cts:latinLit:phi0690.phi001:5.69	et multo in primis hilarans convivia Baccho,—
urn:cts:latinLit:phi0690.phi001:5.70	ante focum, si frigus erit, si messis, in umbra,—
urn:cts:latinLit:phi0690.phi001:5.71	vina novum fundam calathis Ariusia nectar.
urn:cts:latinLit:phi0690.phi001:5.72	cantabunt mihi Damoetas et Lyctius Aegon;
urn:cts:latinLit:phi0690.phi001:5.73	saltantis satyros imitabitur Alphesiboeus.
urn:cts:latinLit:phi0690.phi001:5.74	Haec tibi semper erunt, et cum solemnia vota
urn:cts:latinLit:phi0690.phi001:5.75	reddemus Nymphis, et cum lustrabimus agros.
urn:cts:latinLit:phi0690.phi001:5.76	Dum iuga montis aper, fluvios dum piscis amabit,
urn:cts:latinLit:phi0690.phi001:5.77	dumque thymo pascentur apes, dum rore cicadae,
urn:cts:latinLit:phi0690.phi001:5.78	semper honos nomenque tuum laudesque manebunt;
urn:cts:latinLit:phi0690.phi001:5.79	ut Baccho Cererique, tibi sic vota quotannis
urn:cts:latinLit:phi0690.phi001:5.80	agricolae facient: damnabis tu quoque votis.
urn:cts:latinLit:phi0690.phi001:5.81	Quae tibi, quae tali reddam pro carmine dona?
urn:cts:latinLit:phi0690.phi001:5.82	Nam neque me tantum venientis sibilus austri,
urn:cts:latinLit:phi0690.phi001:5.83	nec percussa iuvant fluctu tam litora, nec quae
urn:cts:latinLit:phi0690.phi001:5.84	saxosas inter decurrunt flumina valles.
urn:cts:latinLit:phi0690.phi001:5.85	Hac te nos fragili donabimus ante cicuta:
urn:cts:latinLit:phi0690.phi001:5.86	haec nos, “Formosum Corydon ardebat Alexim,”
urn:cts:latinLit:phi0690.phi001:5.87	haec eadem docuit, “Cuium pecus, an Meliboei?”
urn:cts:latinLit:phi0690.phi001:5.88	At tu sume pedum, quod, me cum saepe rogaret,
urn:cts:latinLit:phi0690.phi001:5.89	non tulit Antigenes—et erat tum dignus amari—
urn:cts:latinLit:phi0690.phi001:5.90	formosum paribus nodis atque aere, Menalca.
urn:cts:latinLit:phi0690.phi001:6.1	Prima Syracosio dignata est ludere versu,
urn:cts:latinLit:phi0690.phi001:6.2	nostra nec erubuit silvas habitare Thalia.
urn:cts:latinLit:phi0690.phi001:6.3	Cum canerem reges et proelia, Cynthius aurem
urn:cts:latinLit:phi0690.phi001:6.4	vellit, et admonuit: “Pastorem, Tityre, pinguis
urn:cts:latinLit:phi0690.phi001:6.5	pascere oportet ovis, deductum dicere carmen.”
urn:cts:latinLit:phi0690.phi001:6.6	Nunc ego—namque super tibi erunt, qui dicere laudes,
urn:cts:latinLit:phi0690.phi001:6.7	Vare, tuas cupiant, et tristia condere bella—
urn:cts:latinLit:phi0690.phi001:6.8	agrestem tenui meditabor arundine Musam.
urn:cts:latinLit:phi0690.phi001:6.9	Non iniussa cano: si quis tamen haec quoque, si quis
urn:cts:latinLit:phi0690.phi001:6.10	captus amore leget, te nostrae, Vare, myricae,
urn:cts:latinLit:phi0690.phi001:6.11	te nemus omne canet; nec Phoebo gratior ulla est,
urn:cts:latinLit:phi0690.phi001:6.12	quam sibi quae Vari praescripsit pagina nomen.
urn:cts:latinLit:phi0690.phi001:6.13	Pergite, Pierides! Chromis et Mnasyllos in antro
urn:cts:latinLit:phi0690.phi001:6.14	Silenum pueri somno videre iacentem,
urn:cts:latinLit:phi0690.phi001:6.15	inflatum hesterno venas, ut semper, Iaccho:
urn:cts:latinLit:phi0690.phi001:6.16	serta procul tantum capiti delapsa iacebant,
urn:cts:latinLit:phi0690.phi001:6.17	et gravis attrita pendebat cantharus ansa.
urn:cts:latinLit:phi0690.phi001:6.18	Adgressi—nam saepe senex spe carminis ambo
urn:cts:latinLit:phi0690.phi001:6.19	luserat—iniciunt ipsis ex vincula sertis:
urn:cts:latinLit:phi0690.phi001:6.20	addit se sociam, timidisque supervenit Aegle,—
urn:cts:latinLit:phi0690.phi001:6.21	Aegle, Naiadum pulcherrima,—iamque videnti
urn:cts:latinLit:phi0690.phi001:6.22	sanguineis frontem moris et tempora pingit.
urn:cts:latinLit:phi0690.phi001:6.23	Ille dolum ridens, “Quo vincula nectitis?” inquit;
urn:cts:latinLit:phi0690.phi001:6.24	“solvite me, pueri; satis est potuisse videri:
urn:cts:latinLit:phi0690.phi001:6.25	carmina, quae voltis, cognoscite; carmina vobis,
urn:cts:latinLit:phi0690.phi001:6.26	huic aliud mercedis erit.” Simul incipit ipse.
urn:cts:latinLit:phi0690.phi001:6.27	Tum vero in numerum Faunosque ferasque videres
urn:cts:latinLit:phi0690.phi001:6.28	ludere, tum rigidas motare cacumina quercus;
urn:cts:latinLit:phi0690.phi001:6.29	nec tantum Phoebo gaudet Parnasia rupes,
urn:cts:latinLit:phi0690.phi001:6.30	nec tantum Rhodope miratur et Ismarus Orphea.
urn:cts:latinLit:phi0690.phi001:6.31	Namque canebat, uti magnum per inane coacta
urn:cts:latinLit:phi0690.phi001:6.32	semina terrarumque animaeque marisque fuissent,
urn:cts:latinLit:phi0690.phi001:6.33	et liquidi simul ignis; ut his exordia primis
urn:cts:latinLit:phi0690.phi001:6.34	omnia et ipse tener mundi concreverit orbis;
urn:cts:latinLit:phi0690.phi001:6.35	tum durare solum et discludere Nerea ponto
urn:cts:latinLit:phi0690.phi001:6.36	coeperit, et rerum paulatim sumere formas;
urn:cts:latinLit:phi0690.phi001:6.37	iamque novum terrae stupeant lucescere solem,
urn:cts:latinLit:phi0690.phi001:6.38	altius atque cadant submotis nubibus imbres;
urn:cts:latinLit:phi0690.phi001:6.39	incipiant silvae cum primum surgere, cumque
urn:cts:latinLit:phi0690.phi001:6.40	rara per ignaros errent animalia montis.
urn:cts:latinLit:phi0690.phi001:6.41	Hinc lapides Pyrrhae iactos, Saturnia regna,
urn:cts:latinLit:phi0690.phi001:6.42	Caucasiasque refert volucres, furtumque Promethei:
urn:cts:latinLit:phi0690.phi001:6.43	his adiungit, Hylan nautae quo fonte relictum
urn:cts:latinLit:phi0690.phi001:6.44	clamassent, ut litus “Hyla, Hyla!” omne sonaret.
urn:cts:latinLit:phi0690.phi001:6.45	et fortunatam, si numquam armenta fuissent,
urn:cts:latinLit:phi0690.phi001:6.46	Pasiphaen nivei solatur amore iuvenci.
urn:cts:latinLit:phi0690.phi001:6.47	ah, virgo infelix, quae te dementia cepit!
urn:cts:latinLit:phi0690.phi001:6.48	Proetides inplerunt falsis mugitibus agros:
urn:cts:latinLit:phi0690.phi001:6.49	at non tam turpis pecudum tamen ulla secuta est
urn:cts:latinLit:phi0690.phi001:6.50	concubitus, quamvis collo timuisset aratrum,
urn:cts:latinLit:phi0690.phi001:6.51	et saepe in levi quaesisset cornua fronte.
urn:cts:latinLit:phi0690.phi001:6.52	ah, virgo infelix, tu nunc in montibus erras:
urn:cts:latinLit:phi0690.phi001:6.53	ille, latus niveum molli fultus hyacintho,
urn:cts:latinLit:phi0690.phi001:6.54	ilice sub nigra pallentis ruminat herbas,
urn:cts:latinLit:phi0690.phi001:6.55	aut aliquam in magno sequitur grege. “Claudite, nymphae,
urn:cts:latinLit:phi0690.phi001:6.56	Dictaeae nymphae, nemorum iam claudite saltus,
urn:cts:latinLit:phi0690.phi001:6.57	si qua forte ferant oculis sese obvia nostris
urn:cts:latinLit:phi0690.phi001:6.58	errabunda bovis vestigia; forsitan illum,
urn:cts:latinLit:phi0690.phi001:6.59	aut herba captum viridi, aut armenta secutum,
urn:cts:latinLit:phi0690.phi001:6.60	perducant aliquae stabula ad Gortynia vaccae.”
urn:cts:latinLit:phi0690.phi001:6.61	Tum canit Hesperidum miratam mala puellam;
urn:cts:latinLit:phi0690.phi001:6.62	tum Phaethontiades musco circumdat amaro
urn:cts:latinLit:phi0690.phi001:6.63	corticis, atque solo proceras erigit alnos.
urn:cts:latinLit:phi0690.phi001:6.64	Tum canit, errantem Permessi ad flumina Gallum
urn:cts:latinLit:phi0690.phi001:6.65	Aonas in montis ut duxerit una sororum,
urn:cts:latinLit:phi0690.phi001:6.66	utque viro Phoebi chorus adsurrexerit omnis;
urn:cts:latinLit:phi0690.phi001:6.67	ut Linus haec illi, divino carmine pastor,
urn:cts:latinLit:phi0690.phi001:6.68	floribus atque apio crinis ornatus amaro,
urn:cts:latinLit:phi0690.phi001:6.69	dixerit: “Hos tibi dant calamos, en accipe, Musae,
urn:cts:latinLit:phi0690.phi001:6.70	Ascraeo quos ante seni, quibus ille solebat
urn:cts:latinLit:phi0690.phi001:6.71	cantando rigidas deducere montibus ornos:
urn:cts:latinLit:phi0690.phi001:6.72	his tibi Grynei nemoris dicatur origo,
urn:cts:latinLit:phi0690.phi001:6.73	ne quis sit lucus, quo se plus iactet Apollo.”
urn:cts:latinLit:phi0690.phi001:6.74	Quid loquar aut Scyllam Nisi, quam fama secuta est
urn:cts:latinLit:phi0690.phi001:6.75	candida succinctam latrantibus inguina monstris
urn:cts:latinLit:phi0690.phi001:6.76	Dulichias vexasse rates, et gurgite in alto,
urn:cts:latinLit:phi0690.phi001:6.77	ah, timidos nautas canibus lacerasse marinis,
urn:cts:latinLit:phi0690.phi001:6.78	aut ut mutatos Terei narraverit artus;
urn:cts:latinLit:phi0690.phi001:6.79	quas illi Philomela dapes, quae dona pararit,
urn:cts:latinLit:phi0690.phi001:6.80	quo cursu deserta petiverit, et quibus ante
urn:cts:latinLit:phi0690.phi001:6.81	infelix sua tecta supervolitaverit alis?
urn:cts:latinLit:phi0690.phi001:6.82	Omnia, quae Phoebo quondam meditante, beatus
urn:cts:latinLit:phi0690.phi001:6.83	audiit Eurotas, iussitque ediscere laurus,
urn:cts:latinLit:phi0690.phi001:6.84	ille canit: pulsae referunt ad sidera valles;
urn:cts:latinLit:phi0690.phi001:6.85	cogere donec ovis stabulis numerumque referri
urn:cts:latinLit:phi0690.phi001:6.86	iussit, et invito processit Vesper Olympo.
urn:cts:latinLit:phi0690.phi001:7.1	Forte sub arguta consederat ilice Daphnis,
urn:cts:latinLit:phi0690.phi001:7.2	compulerantque greges Corydon et Thyrsis in unum,
urn:cts:latinLit:phi0690.phi001:7.3	Trhyrsis ovis, Corydon distentas lacte capellas,
urn:cts:latinLit:phi0690.phi001:7.4	ambo florentes aetatibus, Arcades ambo,
urn:cts:latinLit:phi0690.phi001:7.5	et cantare pares, et respondere parati.
urn:cts:latinLit:phi0690.phi001:7.6	Huc mihi, dum teneras defendo a frigore myrtos,
urn:cts:latinLit:phi0690.phi001:7.7	vir gregis ipse caper deerraverat; atque ego Daphnim
urn:cts:latinLit:phi0690.phi001:7.8	aspicio. Ille ubi me contra videt: “Ocius” inquit
urn:cts:latinLit:phi0690.phi001:7.9	“huc ades, O Meliboee, caper tibi salvus et haedi;
urn:cts:latinLit:phi0690.phi001:7.10	et, si quid cessare potes, requiesce sub umbra.
urn:cts:latinLit:phi0690.phi001:7.11	huc ipsi potum venient per prata iuvenci,
urn:cts:latinLit:phi0690.phi001:7.12	hic viridis tenera praetexit arundine ripas
urn:cts:latinLit:phi0690.phi001:7.13	Mincius, eque sacra resonant examina quercu.”
urn:cts:latinLit:phi0690.phi001:7.14	Quid facerem? Neque ego Alcippen, nec Phyllida habebam,
urn:cts:latinLit:phi0690.phi001:7.15	depulsos a lacte domi quae clauderet agnos,
urn:cts:latinLit:phi0690.phi001:7.16	et certamen erat, Corydon cum Thyrside, magnum.
urn:cts:latinLit:phi0690.phi001:7.17	posthabui tamen illorum mea seria ludo:
urn:cts:latinLit:phi0690.phi001:7.18	alternis igitur contendere versibus ambo
urn:cts:latinLit:phi0690.phi001:7.19	coepere; alternos Musae meminisse volebant.
urn:cts:latinLit:phi0690.phi001:7.20	hos Corydon, illos referebat in ordine Thyrsis.
urn:cts:latinLit:phi0690.phi001:7.21	Nymphae, noster amor, Libethrides, aut mihi carmen,
urn:cts:latinLit:phi0690.phi001:7.22	quale meo Codro, concedite: proxima Phoebi
urn:cts:latinLit:phi0690.phi001:7.23	versibus ille facit; aut, si non possumus omnes,
urn:cts:latinLit:phi0690.phi001:7.24	hic arguta sacra pendebit fistula pinu.
urn:cts:latinLit:phi0690.phi001:7.25	Pastores, hedera crescentem ornate poetam,
urn:cts:latinLit:phi0690.phi001:7.26	Arcades, invidia rumpantur ut ilia Codro;
urn:cts:latinLit:phi0690.phi001:7.27	aut si ultra placitum laudarit, baccare frontem
urn:cts:latinLit:phi0690.phi001:7.28	cingite, ne vati noceat mala lingua futuro.
urn:cts:latinLit:phi0690.phi001:7.29	Saetosi caput hoc apri tibi, Delia, parvus
urn:cts:latinLit:phi0690.phi001:7.30	et ramosa Micon vivacis cornua cervi.
urn:cts:latinLit:phi0690.phi001:7.31	Si proprium hoc fuerit, levi de marmore tota
urn:cts:latinLit:phi0690.phi001:7.32	puniceo stabis suras evincta coturno.
urn:cts:latinLit:phi0690.phi001:7.33	Sinum lactis et haec te liba, Priape, quotannis
urn:cts:latinLit:phi0690.phi001:7.34	exspectare sat est: custos es pauperis horti.
urn:cts:latinLit:phi0690.phi001:7.35	Nunc te marmoreum pro tempore fecimus; at tu,
urn:cts:latinLit:phi0690.phi001:7.36	si fetura gregem suppleverit, aureus esto.
urn:cts:latinLit:phi0690.phi001:7.37	Nerine Galatea, thymo mihi dulcior Hyblae,
urn:cts:latinLit:phi0690.phi001:7.38	candidior cycnis, hedera formosior alba,
urn:cts:latinLit:phi0690.phi001:7.39	cum primum pasti repetent praesepia tauri,
urn:cts:latinLit:phi0690.phi001:7.40	si qua tui Corydonis habet te cura, venito.
urn:cts:latinLit:phi0690.phi001:7.41	Immo ego Sardoniis videar tibi amarior herbis,
urn:cts:latinLit:phi0690.phi001:7.42	horridior rusco, proiecta vilior alga,
urn:cts:latinLit:phi0690.phi001:7.43	si mihi non haec lux toto iam longior anno est.
urn:cts:latinLit:phi0690.phi001:7.44	Ite domum pasti, si quis pudor, ite iuvenci.
urn:cts:latinLit:phi0690.phi001:7.45	Muscosi fontes et somno mollior herba,
urn:cts:latinLit:phi0690.phi001:7.46	et quae vos rara viridis tegit arbutus umbra,
urn:cts:latinLit:phi0690.phi001:7.47	solstitium pecori defendite; iam venit aestas
urn:cts:latinLit:phi0690.phi001:7.48	torrida, iam lento turgent in palmite gemmae.
urn:cts:latinLit:phi0690.phi001:7.49	Hic focus et taedae pingues, hic plurimus ignis
urn:cts:latinLit:phi0690.phi001:7.50	semper, et adsidua postes fuligine nigri;
urn:cts:latinLit:phi0690.phi001:7.51	hic tantum Boreae curamus frigora, quantum
urn:cts:latinLit:phi0690.phi001:7.52	aut numerum lupus, aut torrentia flumina ripas.
urn:cts:latinLit:phi0690.phi001:7.53	Stant et iuniperi, et castaneae hirsutae;
urn:cts:latinLit:phi0690.phi001:7.54	strata iacent passim sua quaque sub arbore poma;
urn:cts:latinLit:phi0690.phi001:7.55	omnia nunc rident: at si formosus Alexis
urn:cts:latinLit:phi0690.phi001:7.56	montibus his abeat, videas et flumina sicca.
urn:cts:latinLit:phi0690.phi001:7.57	Aret ager; vitio moriens sitit aeris herba;
urn:cts:latinLit:phi0690.phi001:7.58	Liber pampineas invidit collibus umbras:
urn:cts:latinLit:phi0690.phi001:7.59	Phyllidis adventu nostrae nemus omne virebit,
urn:cts:latinLit:phi0690.phi001:7.60	Iuppiter et laeto descendet plurimus imbri.
urn:cts:latinLit:phi0690.phi001:7.61	Populus Alcidae gratissima, vitis Iaccho,
urn:cts:latinLit:phi0690.phi001:7.62	formosae myrtus Veneri, sua laurea Phoebo;
urn:cts:latinLit:phi0690.phi001:7.63	Phyllis amat corylos: illas dum Phyllis amabit,
urn:cts:latinLit:phi0690.phi001:7.64	nec myrtus vincet corylos, nec laurea Phoebi.
urn:cts:latinLit:phi0690.phi001:7.65	Fraxinus in silvis pulcherrima, pinus in hortis,
urn:cts:latinLit:phi0690.phi001:7.66	populus in fluviis, abies in montibus altis:
urn:cts:latinLit:phi0690.phi001:7.67	saepius at si me, Lycida formose, revisas,
urn:cts:latinLit:phi0690.phi001:7.68	fraxinus in silvis cedat tibi, pinus in hortis.
urn:cts:latinLit:phi0690.phi001:7.69	Haec memini, et victum frustra contendere Thyrsim:
urn:cts:latinLit:phi0690.phi001:7.70	ex illo Corydon Corydon est tempore nobis.
urn:cts:latinLit:phi0690.phi001:8.1	Pastorem Musam Damonis et Alphesiboei—
urn:cts:latinLit:phi0690.phi001:8.2	immemor herbarum quos est mirata iuvenca
urn:cts:latinLit:phi0690.phi001:8.3	certantis, quorum stupefactae carmine lynces,
urn:cts:latinLit:phi0690.phi001:8.4	et mutata suos requierunt flumina cursus—
urn:cts:latinLit:phi0690.phi001:8.5	Illonis Musam dicemus et Alphesiboei.
urn:cts:latinLit:phi0690.phi001:8.6	Tu mihi seu magni superas iam saxa Timavi,
urn:cts:latinLit:phi0690.phi001:8.7	sive oram Illyrici legis aequoris, en erit umquam
urn:cts:latinLit:phi0690.phi001:8.8	ille dies, mihi cum liceat tua dicere facta?
urn:cts:latinLit:phi0690.phi001:8.9	en erit ut liceat totum mihi ferre per orbem
urn:cts:latinLit:phi0690.phi001:8.10	sola Sophocleo tua carmina digna coturno?
urn:cts:latinLit:phi0690.phi001:8.11	A te principium, tibi desinam: accipe iussis
urn:cts:latinLit:phi0690.phi001:8.12	carmina coepta tuis, atque hanc sine tempora circum
urn:cts:latinLit:phi0690.phi001:8.13	inter victrices hederam tibi serpere laurus.
urn:cts:latinLit:phi0690.phi001:8.14	Frigida vix caelo noctis decesserat umbra,
urn:cts:latinLit:phi0690.phi001:8.15	cum ros in tenera pecori gratissimus herba;
urn:cts:latinLit:phi0690.phi001:8.16	incumbens tereti Damon sic coepit olivae.
urn:cts:latinLit:phi0690.phi001:8.17	Nascere, praeque diem veniens age, Lucifer, almum,
urn:cts:latinLit:phi0690.phi001:8.18	coniugis indigno Nisae deceptus amore
urn:cts:latinLit:phi0690.phi001:8.19	dum queror, et divos, quamquam nil testibus illis
urn:cts:latinLit:phi0690.phi001:8.20	profeci, extrema moriens tamen adloquor hora.
urn:cts:latinLit:phi0690.phi001:8.21	Incipe Maenalios mecum, mea tibia, versus.
urn:cts:latinLit:phi0690.phi001:8.22	Maenalus argutumque nemus pinosque loquentis
urn:cts:latinLit:phi0690.phi001:8.23	semper habet; semper pastorum ille audit amores,
urn:cts:latinLit:phi0690.phi001:8.24	Panaque, qui primus calamos non passus inertis.
urn:cts:latinLit:phi0690.phi001:8.25	Incipe Maenalios mecum, mea tibia, versus.
urn:cts:latinLit:phi0690.phi001:8.26	Mopso Nisa datur: quid non speremus amantes?
urn:cts:latinLit:phi0690.phi001:8.27	Iungentur iam grypes equis, aevoque sequenti
urn:cts:latinLit:phi0690.phi001:8.28	cum canibus timidi venient ad pocula dammae.
urn:cts:latinLit:phi0690.phi001:8.29	Mopse, novas incide faces: tibi ducitur uxor;
urn:cts:latinLit:phi0690.phi001:8.30	sparge, marite, nuces: tibi deserit Hesperus Oetam.
urn:cts:latinLit:phi0690.phi001:8.31	Incipe Maenalios mecum, mea tibia, versus.
urn:cts:latinLit:phi0690.phi001:8.32	O digno coniuncta viro, dum despicis omnes,
urn:cts:latinLit:phi0690.phi001:8.33	dumque tibi est odio mea fistula, dumque capellae,
urn:cts:latinLit:phi0690.phi001:8.34	hirsutumque supercilium promissaque barba,
urn:cts:latinLit:phi0690.phi001:8.35	nec curare deum credis mortalia quemquam!
urn:cts:latinLit:phi0690.phi001:8.36	Incipe Maenalios mecum, mea tibia, versus.
urn:cts:latinLit:phi0690.phi001:8.37	Saepibus in nostris parvam te roscida mala—
urn:cts:latinLit:phi0690.phi001:8.38	dux ego vester eram—vidi cum matre legentem.
urn:cts:latinLit:phi0690.phi001:8.39	Alter ab undecimo tum me iam acceperat annus;
urn:cts:latinLit:phi0690.phi001:8.40	iam fragilis poteram ab terra contingere ramos.
urn:cts:latinLit:phi0690.phi001:8.41	Ut vidi, ut perii! Ut me malus abstulit error!
urn:cts:latinLit:phi0690.phi001:8.42	Incipe Maenalios mecum, mea tibia, versus.
urn:cts:latinLit:phi0690.phi001:8.43	Nunc scio, quid sit Amor: duris in cotibus illum
urn:cts:latinLit:phi0690.phi001:8.44	aut Tmaros, aut Rhodope, aut extremm Garamantes,
urn:cts:latinLit:phi0690.phi001:8.45	nec generis nostri puerum nec sanguinis edunt.
urn:cts:latinLit:phi0690.phi001:8.46	Incipe Maenalios mecum, mea tibia, versus.
urn:cts:latinLit:phi0690.phi001:8.47	saevus Amor docuit natorum sanguine matrem
urn:cts:latinLit:phi0690.phi001:8.48	commaculare manus; crudelis tu quoque, mater:
urn:cts:latinLit:phi0690.phi001:8.49	crudelis mater magis, an puer improbus ille?
urn:cts:latinLit:phi0690.phi001:8.50	improbus ille puer; crudelis tu quoque, mater.
urn:cts:latinLit:phi0690.phi001:8.51	Incipe Maenalios mecum, mea tibia, versus.
urn:cts:latinLit:phi0690.phi001:8.52	nunc et ovis ultro fugiat lupus; aurea durae
urn:cts:latinLit:phi0690.phi001:8.53	mala ferant quercus; narcisso floreat alnus;
urn:cts:latinLit:phi0690.phi001:8.54	pinguia corticibus sudent electra myricae;
urn:cts:latinLit:phi0690.phi001:8.55	certent et cycnis ululae; sit Tityrus Orpheus,
urn:cts:latinLit:phi0690.phi001:8.56	Orpheus in silvis, inter delphinas Arion.
urn:cts:latinLit:phi0690.phi001:8.57	Incipe Maenalios mecum, mea tibia, versus.
urn:cts:latinLit:phi0690.phi001:8.58	Omnia vel medium fiant mare: vivite, silvae!
urn:cts:latinLit:phi0690.phi001:8.59	praeceps aerii specula de montis in undas
urn:cts:latinLit:phi0690.phi001:8.60	deferar; extremum hoc munus morientis habeto.
urn:cts:latinLit:phi0690.phi001:8.61	desine Maenalios, iam desine, tibia, versus.
urn:cts:latinLit:phi0690.phi001:8.62	Haec Damon: vos, quae responderit Alphesiboeus,
urn:cts:latinLit:phi0690.phi001:8.63	dicite, Pierides; non omnia possumus omnes.
urn:cts:latinLit:phi0690.phi001:8.64	Effer aquam, et molli cinge haec altaria vitta,
urn:cts:latinLit:phi0690.phi001:8.65	verbenasque adole pinguis et mascula tura,
urn:cts:latinLit:phi0690.phi001:8.66	coniugis ut magicis sanos avertere sacris
urn:cts:latinLit:phi0690.phi001:8.67	experiar sensus nihil hic nisi carmina desunt.
urn:cts:latinLit:phi0690.phi001:8.68	Ducite ab urbe domum, mea carmina, ducite Daphnim.
urn:cts:latinLit:phi0690.phi001:8.69	Carmina vel caelo possunt deducere Lunam;
urn:cts:latinLit:phi0690.phi001:8.70	carminibus Circe socios mutavit Ulixi;
urn:cts:latinLit:phi0690.phi001:8.71	frigidus in pratia cantando rumpitur anguis.
urn:cts:latinLit:phi0690.phi001:8.72	Ducite ab urbe domum, mea carmina, ducite Daphnim.
urn:cts:latinLit:phi0690.phi001:8.73	terna tibi haec primum triplici diversa colore
urn:cts:latinLit:phi0690.phi001:8.74	licia circumdo, terque haec altaria circum
urn:cts:latinLit:phi0690.phi001:8.75	effigiem duco: numero deus impare gaudet.
urn:cts:latinLit:phi0690.phi001:8.76	Ducite ab urbe domum, mea carmina, ducite Daphnim.
urn:cts:latinLit:phi0690.phi001:8.77	Necte tribus nodis ternos, Amarylli, colores,
urn:cts:latinLit:phi0690.phi001:8.78	necte, Amarylli, modo, et “Veneris” dic “vincula necto.”
urn:cts:latinLit:phi0690.phi001:8.79	Ducite ab urbe domum, mea carmina, ducite Daphnim.
urn:cts:latinLit:phi0690.phi001:8.80	Limus ut hic durescit et haec ut cera liquescit
urn:cts:latinLit:phi0690.phi001:8.81	uno eodemque igni, sic nostro Daphnis amore.
urn:cts:latinLit:phi0690.phi001:8.82	Sparge molam, et fragilis incende bitumine laurus.
urn:cts:latinLit:phi0690.phi001:8.83	Daphnis me malus urit, ego hanc in Daphnide laurum.
urn:cts:latinLit:phi0690.phi001:8.84	Ducite ab urbe domum, mea carmina, ducite Daphnim.
urn:cts:latinLit:phi0690.phi001:8.85	Talis amor Daphnim, qualis cum fessa iuvencum
urn:cts:latinLit:phi0690.phi001:8.86	per nemora atque altos quaerendo bucula lucos
urn:cts:latinLit:phi0690.phi001:8.87	propter aquae rivum viridi procumbit in ulva,
urn:cts:latinLit:phi0690.phi001:8.88	perdita, nec serae meminit decedere nocti,
urn:cts:latinLit:phi0690.phi001:8.89	talis amor teneat, nec sit mihi cura mederi.
urn:cts:latinLit:phi0690.phi001:8.90	Ducite ab urbe domum, mea carmina, ducite Daphnim.
urn:cts:latinLit:phi0690.phi001:8.91	Has olim exuvias mihi perfidus ille reliquit,
urn:cts:latinLit:phi0690.phi001:8.92	pignora cara sui, quae nunc ego limine in ipso,
urn:cts:latinLit:phi0690.phi001:8.93	terra, tibi mando; debent haec pignora Daphnim.
urn:cts:latinLit:phi0690.phi001:8.94	Ducite ab urbe domum, mea carmina, ducite Daphnim.
urn:cts:latinLit:phi0690.phi001:8.95	Has herbas atque haec Ponto mihi lecta venena
urn:cts:latinLit:phi0690.phi001:8.96	ipse dedit Moeris; nascuntur plurima Ponto.
urn:cts:latinLit:phi0690.phi001:8.97	His ego saepe lupum fieri et se condere silvis
urn:cts:latinLit:phi0690.phi001:8.98	Moerim, saepe animas imis excire sepulcris,
urn:cts:latinLit:phi0690.phi001:8.99	atque satas alio vidi traducere messis.
urn:cts:latinLit:phi0690.phi001:8.100	Ducite ab urbe domum, mea carmina, ducite Daphnim.
urn:cts:latinLit:phi0690.phi001:8.101	Fer cineres, Amarylli, foras, rivoque fluenti
urn:cts:latinLit:phi0690.phi001:8.102	transque caput iace, nec respexeris: his ego Daphnim
urn:cts:latinLit:phi0690.phi001:8.103	adgrediar, nihil ille deos, nil carmina curat.
urn:cts:latinLit:phi0690.phi001:8.104	Ducite ab urbe domum, mea carmina, ducite Daphnim.
urn:cts:latinLit:phi0690.phi001:8.105	Aspice, corripuit tremulis altaria flammis
urn:cts:latinLit:phi0690.phi001:8.106	sponte sua, dum ferre moror, cinis ipse: bonum sit!
urn:cts:latinLit:phi0690.phi001:8.107	Nescio quid certe est, et Hylas in limine latrat.
urn:cts:latinLit:phi0690.phi001:8.108	Credimus, an, qui amant, ipsi sibi somnia fingunt?
urn:cts:latinLit:phi0690.phi001:8.109	Parcite, ab urbe venit, iam carmina, parcite, Daphnis.
urn:cts:latinLit:phi0690.phi001:9.1	te, Moeri, pedes? an, quo via ducit, in urbem?
urn:cts:latinLit:phi0690.phi001:9.2	O Lycida, vivi pervenimus, advena nostri
urn:cts:latinLit:phi0690.phi001:9.3	(quod numquam veriti sumus) ut possessor agelli
urn:cts:latinLit:phi0690.phi001:9.4	diceret: “Haec mea sunt; veteres migrate coloni!”
urn:cts:latinLit:phi0690.phi001:9.5	nunc victi, tristes, quoniam Fors omnia versat,
urn:cts:latinLit:phi0690.phi001:9.6	hos illi—quod nec vertat bene—mittimus haedos.
urn:cts:latinLit:phi0690.phi001:9.7	Certe equidem audieram, qua se subducere colles
urn:cts:latinLit:phi0690.phi001:9.8	incipiunt, mollique iugum demittere clivo,
urn:cts:latinLit:phi0690.phi001:9.9	usque ad aquam et veteres (iam fracta cacumina) fagos
urn:cts:latinLit:phi0690.phi001:9.10	omnia carminibus vestrum servasse Menalcan.
urn:cts:latinLit:phi0690.phi001:9.11	Audieras, et fama fuit; sed carmina tantum
urn:cts:latinLit:phi0690.phi001:9.12	nostra valent, Lycida, tela inter Martia, quantum
urn:cts:latinLit:phi0690.phi001:9.13	Chaonias dicunt aquila veniente columbas.
urn:cts:latinLit:phi0690.phi001:9.14	quod nisi me quacumque novas incidere lites
urn:cts:latinLit:phi0690.phi001:9.15	ante Sinistra cava monuisset ab ilice cornix,
urn:cts:latinLit:phi0690.phi001:9.16	nec tuus hic Moeris, nec viveret ipse Menalcas.
urn:cts:latinLit:phi0690.phi001:9.17	Heu, cadit in quemquam tantum scelus? Heu, tua nobis
urn:cts:latinLit:phi0690.phi001:9.18	paene simul tecum solatia rapta, Menalca?
urn:cts:latinLit:phi0690.phi001:9.19	quis caneret nymphas; quis humum florentibus herbis
urn:cts:latinLit:phi0690.phi001:9.20	spargeret, aut viridi fontes induceret umbra?
urn:cts:latinLit:phi0690.phi001:9.21	vel quae sublegi tacitus tibi carmina nuper,
urn:cts:latinLit:phi0690.phi001:9.22	cum te ad delicias ferres, Amaryllida, nostras?
urn:cts:latinLit:phi0690.phi001:9.23	Tityre, dum redeo—brevis est via—pasce capellas,
urn:cts:latinLit:phi0690.phi001:9.24	et potum pastas age, Tityre, et inter agendum
urn:cts:latinLit:phi0690.phi001:9.25	occursare capro, cornu ferit ille, caveto.
urn:cts:latinLit:phi0690.phi001:9.26	Immo haec, quae Varo necdum perfecta canebat:
urn:cts:latinLit:phi0690.phi001:9.27	“Vare, tuum nomen, superet modo Mantua nobis—
urn:cts:latinLit:phi0690.phi001:9.28	Mantua, vae miserae nimium vicina Cremonae—
urn:cts:latinLit:phi0690.phi001:9.29	cantantes sublime ferent ad sidera cycni.”
urn:cts:latinLit:phi0690.phi001:9.30	Sic tua Cyrneas fugiant examina taxos;
urn:cts:latinLit:phi0690.phi001:9.31	sic cytiso pastae distendant ubera vaccae!
urn:cts:latinLit:phi0690.phi001:9.32	Incipe, si quid habes: et me fecere poetam
urn:cts:latinLit:phi0690.phi001:9.33	Pierides; sunt et mihi carmina; me quoque dicunt
urn:cts:latinLit:phi0690.phi001:9.34	vatem pastores, sed non ego credulus illis.
urn:cts:latinLit:phi0690.phi001:9.35	Nam neque adhuc Vario videor, nec dicere Cinna
urn:cts:latinLit:phi0690.phi001:9.36	digna, sed argutos inter strepere anser olores.
urn:cts:latinLit:phi0690.phi001:9.37	Id quidem ago et tacitus, Lycida, mecum ipse voluto,
urn:cts:latinLit:phi0690.phi001:9.38	si valeam meminisse; neque est ignobile carmen:
urn:cts:latinLit:phi0690.phi001:9.39	`huc ades, O Galatea; quis est nam ludus in undis
urn:cts:latinLit:phi0690.phi001:9.40	hic ver purpureum; varios hic flumina circum
urn:cts:latinLit:phi0690.phi001:9.41	fundit humus flores; hic candida populus antro
urn:cts:latinLit:phi0690.phi001:9.42	imminet, et lentae texunt umbracula vites.
urn:cts:latinLit:phi0690.phi001:9.43	huc ades: insani feriant sine litora fluctus.
urn:cts:latinLit:phi0690.phi001:9.44	Quid, quae te pura solum sub nocte canentem
urn:cts:latinLit:phi0690.phi001:9.45	audieram? Numeros memini, si verba tenerem.
urn:cts:latinLit:phi0690.phi001:9.46	“Daphni, quid antiquos signorum suspicis ortus?
urn:cts:latinLit:phi0690.phi001:9.47	Ecce Dionaei processit Caesaris astrum,
urn:cts:latinLit:phi0690.phi001:9.48	astrum, quo segetes gauderent frugibus, et quo
urn:cts:latinLit:phi0690.phi001:9.49	duceret apricis in collibus uva colorem.
urn:cts:latinLit:phi0690.phi001:9.50	insere, Daphni, piros: carpent tua poma nepotes.”
urn:cts:latinLit:phi0690.phi001:9.51	Omnia fert aetas, animum quoque: saepe ego longos
urn:cts:latinLit:phi0690.phi001:9.52	cantando puerum memini me condere soles:
urn:cts:latinLit:phi0690.phi001:9.53	nunc oblita mihi tot carmina; vox quoque Moerim
urn:cts:latinLit:phi0690.phi001:9.54	iam fugit ipsa; lupi Moerim videre priores.
urn:cts:latinLit:phi0690.phi001:9.55	Sed tamen ista satis referet tibi saepe Menalcas.
urn:cts:latinLit:phi0690.phi001:9.56	Causando nostros in longum ducis amores:
urn:cts:latinLit:phi0690.phi001:9.57	et nunc omne tibi stratum silet aequor, et omnes,
urn:cts:latinLit:phi0690.phi001:9.58	aspice, ventosi ceciderunt murmuris aurae.
urn:cts:latinLit:phi0690.phi001:9.59	hinc adeo media est nobis via; namque sepulcrum
urn:cts:latinLit:phi0690.phi001:9.60	incipit adparere Bianoris: hic ubi densas
urn:cts:latinLit:phi0690.phi001:9.61	agricolae stringunt frondes, hic, Moeri, canamus;
urn:cts:latinLit:phi0690.phi001:9.62	hic haedos depone: tamen veniemus in urbem.
urn:cts:latinLit:phi0690.phi001:9.63	aut si, nox pluviam ne colligat ante, veremur,
urn:cts:latinLit:phi0690.phi001:9.64	cantantes licet usque (minus via laedit) eamus;
urn:cts:latinLit:phi0690.phi001:9.65	cantantes ut eamus, ego hoc te fasce levabo.
urn:cts:latinLit:phi0690.phi001:9.66	Desine plura, puer, et quod nunc instat agamus:
urn:cts:latinLit:phi0690.phi001:9.67	carmina tum melius, cum venerit ipse, canemus.
urn:cts:latinLit:phi0690.phi001:10.1	Extremum hunc, Arethusa, mihi concede laborem:
urn:cts:latinLit:phi0690.phi001:10.2	pauca meo Gallo, sed quae legat ipsa Lycoris,
urn:cts:latinLit:phi0690.phi001:10.3	carmina sunt dicenda. neget quis carmina Gallo?
urn:cts:latinLit:phi0690.phi001:10.4	sic tibi, cum fluctus subterlabere Sicanos,
urn:cts:latinLit:phi0690.phi001:10.5	Doris amara suam non intermisceat undam.
urn:cts:latinLit:phi0690.phi001:10.6	incipe; sollicitos Galli dicamus amores,
urn:cts:latinLit:phi0690.phi001:10.7	dum tenera attondent simae virgulta capellae.
urn:cts:latinLit:phi0690.phi001:10.8	non canimus surdis; respondent omnia silvae.
urn:cts:latinLit:phi0690.phi001:10.9	Quae nemora, aut qui vos saltus habuere, puellae
urn:cts:latinLit:phi0690.phi001:10.10	Naides, indigno cum Gallus amore peribat?
urn:cts:latinLit:phi0690.phi001:10.11	nam neque Parnasi vobis iuga, nam neque Pindi
urn:cts:latinLit:phi0690.phi001:10.12	ulla moram fecere, neque Aoniae Aganippe.
urn:cts:latinLit:phi0690.phi001:10.13	Illum etiam lauri, etiam flevere myricae.
urn:cts:latinLit:phi0690.phi001:10.14	Pinifer illum etiam sola sub rupe iacentem
urn:cts:latinLit:phi0690.phi001:10.15	Maenalus, et gelidi fleverunt saxa Lycaei.
urn:cts:latinLit:phi0690.phi001:10.16	Stant et oves circum;—nostri nec poenitet illas,
urn:cts:latinLit:phi0690.phi001:10.17	nec te poeniteat pecoris, divine poeta;—
urn:cts:latinLit:phi0690.phi001:10.18	et formosus ovis ad flumina pavit Adonis;
urn:cts:latinLit:phi0690.phi001:10.19	venit et upilio; tardi venere subulci;
urn:cts:latinLit:phi0690.phi001:10.20	uvidus hiberna venit de glande Menalcas.
urn:cts:latinLit:phi0690.phi001:10.21	Omnes “Unde amor iste” rogant “tibi?” Venit Apollo:
urn:cts:latinLit:phi0690.phi001:10.22	“Galle, quid insanis?” inquit; “tua cura Lycoris
urn:cts:latinLit:phi0690.phi001:10.23	perque nives alium perque horrida castra secuta est.”
urn:cts:latinLit:phi0690.phi001:10.24	Venit et agresti capitis Silvanus honore,
urn:cts:latinLit:phi0690.phi001:10.25	florentis ferulas et grandia lilia quassans.
urn:cts:latinLit:phi0690.phi001:10.26	Pan deus Arcadiae venit, quem vidimus ipsi
urn:cts:latinLit:phi0690.phi001:10.27	sanguineis ebuli bacis minioque rubentem.
urn:cts:latinLit:phi0690.phi001:10.28	“Ecquis erit modus?” inquit; “Amor non talia curat;
urn:cts:latinLit:phi0690.phi001:10.29	nec lacrimis crudelis Amor, nec gramina rivis,
urn:cts:latinLit:phi0690.phi001:10.30	nec cytiso saturantur apes, nec fronde capellae.”
urn:cts:latinLit:phi0690.phi001:10.31	Tristis at ille: “Tamen cantabitis, Arcades,” inquit
urn:cts:latinLit:phi0690.phi001:10.32	“montibus haec vestris: soli cantare periti
urn:cts:latinLit:phi0690.phi001:10.33	Arcades. O mihi tum quam molliter ossa quiescant,
urn:cts:latinLit:phi0690.phi001:10.34	vestra meos olim si fistula dicat amores!
urn:cts:latinLit:phi0690.phi001:10.35	Atque utinam ex vobis unus, vestrique fuissem
urn:cts:latinLit:phi0690.phi001:10.36	aut custos gregis, aut maturae vinitor uvae!
urn:cts:latinLit:phi0690.phi001:10.37	Certe, sive mihi Phillis, sive esset Amyntas,
urn:cts:latinLit:phi0690.phi001:10.38	seu quicumque furor—quid tum, si fuscus Amyntas;
urn:cts:latinLit:phi0690.phi001:10.39	et nigrae violae sunt et vaccinia nigra—
urn:cts:latinLit:phi0690.phi001:10.40	mecum inter salices lenta sub vite iaceret;
urn:cts:latinLit:phi0690.phi001:10.41	serta mihi Phyllis legeret, cantaret Amyntas.
urn:cts:latinLit:phi0690.phi001:10.42	Hic gelidi fontes, hic mollia prata, Lycori,
urn:cts:latinLit:phi0690.phi001:10.43	hic nemus; hic ipso tecum consumerer aevo.
urn:cts:latinLit:phi0690.phi001:10.44	Nunc insanus amor duri me Martis in armis
urn:cts:latinLit:phi0690.phi001:10.45	tela inter media atque adversos detinet hostes:
urn:cts:latinLit:phi0690.phi001:10.46	tu procul a patria (nec sit mihi credere tantum!)
urn:cts:latinLit:phi0690.phi001:10.47	Alpinas, ah dura, nives et frigora Rheni
urn:cts:latinLit:phi0690.phi001:10.48	me sine sola vides: ah, te ne frigora laedant!
urn:cts:latinLit:phi0690.phi001:10.49	ah, tibi ne teneras glacies secet aspera plantas!
urn:cts:latinLit:phi0690.phi001:10.50	Ibo, et, Chalcidico quae sunt mihi condita versu
urn:cts:latinLit:phi0690.phi001:10.51	carmina, pastoris Siculi modulabor avena.
urn:cts:latinLit:phi0690.phi001:10.52	certum est in silvis, inter spelaea ferarum
urn:cts:latinLit:phi0690.phi001:10.53	malle pati, tenerisque meos incidere amores
urn:cts:latinLit:phi0690.phi001:10.54	arboribus; crescent illae, crescetis, amores.
urn:cts:latinLit:phi0690.phi001:10.55	Interea mixtis lustrabo Maenala nymphis,
urn:cts:latinLit:phi0690.phi001:10.56	aut acris venabor apros: non me ulla vetabunt
urn:cts:latinLit:phi0690.phi001:10.57	frigora Parthenios canibus circumdare saltus.
urn:cts:latinLit:phi0690.phi001:10.58	iam mihi per rupes videor lucosque sonantis
urn:cts:latinLit:phi0690.phi001:10.59	ire; libet Partho torquere Cydonia cornu
urn:cts:latinLit:phi0690.phi001:10.60	spicula:—tamquam haec sit nostri medicina furoris,
urn:cts:latinLit:phi0690.phi001:10.61	ut deus ille malis hominum mitescere discat!
urn:cts:latinLit:phi0690.phi001:10.62	Iam neque hamadryades rursus nec carmina nobis
urn:cts:latinLit:phi0690.phi001:10.63	ipsa placent; ipsae rursus concedite silvae.
urn:cts:latinLit:phi0690.phi001:10.64	non illum nostri possunt mutare labores,
urn:cts:latinLit:phi0690.phi001:10.65	nec si frigoribus mediis Hebrumque bibamus,
urn:cts:latinLit:phi0690.phi001:10.66	Sithoniasque nives hiemis subeamus aquosae,
urn:cts:latinLit:phi0690.phi001:10.67	nec si, cum moriens alta liber aret in ulmo,
urn:cts:latinLit:phi0690.phi001:10.68	Aethiopum versemus ovis sub sidere Cancri.
urn:cts:latinLit:phi0690.phi001:10.69	omnia vincit Amor; et nos cedamus Amori.”
urn:cts:latinLit:phi0690.phi001:10.70	Haec sat erit, divae, vestrum cecinisse poetam,
urn:cts:latinLit:phi0690.phi001:10.71	dum sedet et gracili fiscellam texit hibisco,
urn:cts:latinLit:phi0690.phi001:10.72	Pierides; vos haec facietis maxima Gallo—
urn:cts:latinLit:phi0690.phi001:10.73	Gallo, cuius amor tantum mihi crescit in horas,
urn:cts:latinLit:phi0690.phi001:10.74	quantum vere novo viridis se subicit alnus.
urn:cts:latinLit:phi0690.phi001:10.75	Surgamus; solet esse gravis cantantibus umbra;
urn:cts:latinLit:phi0690.phi001:10.76	iuniperi gravis umbra; nocent et frugibus umbrae.
urn:cts:latinLit:phi0690.phi001:10.77	Ite domum saturae, venit Hesperus, ite capellae.
