URN,Text group or author,Title
urn:cts:greekLit:tlg4081.tlg001:,Colluthus,Rape of Helen
urn:cts:latinLit:phi1345.phi001:,Silius Italicus,Punica
urn:cts:latinLit:phi1056.phi001:,Vitruvius Pollio,On Architecture
urn:cts:latinLit:stoa0089.stoa001:,Claudius Claudianus,Carminum minorum corpusculum
urn:cts:latinLit:stoa0089.stoa010:,Claudius Claudianus,Panegyricus de tertio consulatu Honorii Augusti
urn:cts:latinLit:stoa0089.stoa011:,Claudius Claudianus,Panegyricus de quarto consulatu Honorii Augusti
urn:cts:latinLit:stoa0089.stoa012:,Claudius Claudianus,Panegyricus de sexto consulatu Honorii Augusti
urn:cts:latinLit:stoa0089.stoa004:,Claudius Claudianus,de consulatu Stilichonis
urn:cts:latinLit:stoa0089.stoa013:,Claudius Claudianus,Panegyricus dictus Manlio Theodoro consuli
urn:cts:latinLit:stoa0089.stoa005:,Claudius Claudianus,de raptu Proserpinae
urn:cts:latinLit:stoa0089.stoa014:,Claudius Claudianus,Panegyricus dictus Probino et Olybrio consulibus
urn:cts:latinLit:stoa0089.stoa002:,Claudius Claudianus,de bello Gildonico
urn:cts:latinLit:stoa0089.stoa003:,Claudius Claudianus,de Bello Gothico
urn:cts:latinLit:stoa0089.stoa008:,Claudius Claudianus,In Eutropium
urn:cts:latinLit:stoa0089.stoa009:,Claudius Claudianus,In Rufinum
urn:cts:latinLit:stoa0089.stoa006:,Claudius Claudianus,Epithalamium de nuptiis Honorii Augusti
urn:cts:greekLit:tlg0032.tlg010:,Pseudo-Xenophon (Old Oligarch),Constitution of the Lacedaimonians
urn:cts:greekLit:tlg0032.tlg013:,Pseudo-Xenophon (Old Oligarch),On the Art of Horsemanship
urn:cts:greekLit:tlg0032.tlg001:,Pseudo-Xenophon (Old Oligarch),Hellenica
urn:cts:greekLit:tlg0032.tlg014:,Pseudo-Xenophon (Old Oligarch),On Hunting
urn:cts:greekLit:tlg0032.tlg002:,Pseudo-Xenophon (Old Oligarch),Memorabilia
urn:cts:greekLit:tlg0032.tlg011:,Pseudo-Xenophon (Old Oligarch),Ways and Means
urn:cts:greekLit:tlg0032.tlg012:,Pseudo-Xenophon (Old Oligarch),On the Cavalry Commander
urn:cts:greekLit:tlg0032.tlg003:,Pseudo-Xenophon (Old Oligarch),Economics
urn:cts:greekLit:tlg0032.tlg004:,Pseudo-Xenophon (Old Oligarch),Symposium
urn:cts:greekLit:tlg0032.tlg005:,Pseudo-Xenophon (Old Oligarch),Apology
urn:cts:greekLit:tlg0032.tlg015:,Pseudo-Xenophon (Old Oligarch),Constitution of the Athenians
urn:cts:greekLit:tlg0032.tlg006:,Pseudo-Xenophon (Old Oligarch),Anabasis
urn:cts:greekLit:tlg0032.tlg007:,Pseudo-Xenophon (Old Oligarch),Cyropaedia
urn:cts:greekLit:tlg0032.tlg008:,Pseudo-Xenophon (Old Oligarch),Hiero
urn:cts:greekLit:tlg0032.tlg009:,Pseudo-Xenophon (Old Oligarch),Agesilaus
urn:cts:greekLit:tlg1799.tlg001:,Euclid,Elements
urn:cts:greekLit:tlg0031.tlg027:,New Testament,Revelation
urn:cts:greekLit:tlg0031.tlg026:,New Testament,Jude
urn:cts:greekLit:tlg0031.tlg001:,New Testament,Matthew
urn:cts:greekLit:tlg0031.tlg002:,New Testament,Mark
urn:cts:greekLit:tlg0031.tlg003:,New Testament,Luke
urn:cts:greekLit:tlg0031.tlg004:,New Testament,John
urn:cts:greekLit:tlg0031.tlg023:,New Testament,1 John
urn:cts:greekLit:tlg0031.tlg022:,New Testament,2 Peter
urn:cts:greekLit:tlg0031.tlg005:,New Testament,Acts
urn:cts:greekLit:tlg0031.tlg025:,New Testament,3 John
urn:cts:greekLit:tlg0031.tlg006:,New Testament,Romans
urn:cts:greekLit:tlg0031.tlg024:,New Testament,2 John
urn:cts:greekLit:tlg0031.tlg007:,New Testament,1 Corinthians
urn:cts:greekLit:tlg0031.tlg008:,New Testament,2 Corinthians
urn:cts:greekLit:tlg0031.tlg009:,New Testament,Galatians
urn:cts:greekLit:tlg0031.tlg021:,New Testament,1 Peter
urn:cts:greekLit:tlg0031.tlg020:,New Testament,James
urn:cts:greekLit:tlg0031.tlg010:,New Testament,Ephesians
urn:cts:greekLit:tlg0031.tlg013:,New Testament,1 Thessalonians
urn:cts:greekLit:tlg0031.tlg014:,New Testament,2 Thessalonians
urn:cts:greekLit:tlg0031.tlg011:,New Testament,Philippians
urn:cts:greekLit:tlg0031.tlg012:,New Testament,Colossians
urn:cts:greekLit:tlg0031.tlg017:,New Testament,Titus
urn:cts:greekLit:tlg0031.tlg018:,New Testament,Philemon
urn:cts:greekLit:tlg0031.tlg015:,New Testament,1 Timothy
urn:cts:greekLit:tlg0031.tlg016:,New Testament,2 Timothy
urn:cts:greekLit:tlg0031.tlg019:,New Testament,Hebrews
urn:cts:latinLit:phi1242.phi001:,Lucius Annaeus Florus,Epitome Rerum Romanorum
urn:cts:greekLit:tlg0030.tlg001:,Hyperides,In Defence of Lycophron
urn:cts:greekLit:tlg0030.tlg002:,Hyperides,Against Philippides
urn:cts:greekLit:tlg0030.tlg003:,Hyperides,Against Athenogenes
urn:cts:greekLit:tlg0030.tlg004:,Hyperides,In Defence of Euxenippus
urn:cts:greekLit:tlg0030.tlg005:,Hyperides,Against Demosthenes
urn:cts:greekLit:tlg0030.tlg006:,Hyperides,Funeral Oration
urn:cts:greekLit:tlg0036.tlg001:,Bion of Phlossa,Epitaphius Adonis
urn:cts:greekLit:tlg0036.tlg002:,Bion of Phlossa,Epithalamium Achillis et Deidameiae
urn:cts:greekLit:tlg0036.tlg003:,Bion of Phlossa,Fragmenta
urn:cts:greekLit:tlg0035.tlg001:,Moschus,Eros Drapeta
urn:cts:greekLit:tlg0035.tlg002:,Moschus,Europa
urn:cts:greekLit:tlg0035.tlg003:,Moschus,Epitaphius Bios
urn:cts:greekLit:tlg0035.tlg004:,Moschus,Megara
urn:cts:greekLit:tlg0035.tlg005:,Moschus,Fragmenta
urn:cts:greekLit:tlg0034.tlg001:,Lycurgus,Against Leocrates
urn:cts:greekLit:tlg0033.tlg001:,Pindar,Olympian
urn:cts:greekLit:tlg0033.tlg002:,Pindar,Pythian
urn:cts:greekLit:tlg0033.tlg003:,Pindar,Nemean
urn:cts:greekLit:tlg0033.tlg004:,Pindar,Isthmean
urn:cts:greekLit:tlg0363.tlg007:,Claudius Ptolemy,Tetrabiblos
urn:cts:latinLit:phi1348.abo020:,C. Suetonius Tranquillus,Divus Vespasianus
urn:cts:latinLit:phi1348.abo018:,C. Suetonius Tranquillus,Otho
urn:cts:latinLit:phi1348.abo019:,C. Suetonius Tranquillus,Vitellius
urn:cts:latinLit:phi1348.abo017:,C. Suetonius Tranquillus,Galba
urn:cts:latinLit:phi1348.abo016:,C. Suetonius Tranquillus,Nero
urn:cts:latinLit:phi1348.abo015:,C. Suetonius Tranquillus,Divus Claudius
urn:cts:latinLit:phi1348.abo014:,C. Suetonius Tranquillus,Caligula
urn:cts:latinLit:phi1348.abo013:,C. Suetonius Tranquillus,Tiberius
urn:cts:latinLit:phi1348.abo022:,C. Suetonius Tranquillus,Domitianus
urn:cts:latinLit:phi1348.abo021:,C. Suetonius Tranquillus,Divus Titus
urn:cts:latinLit:phi1348.abo012:,C. Suetonius Tranquillus,Divus Augustus
urn:cts:latinLit:phi1348.abo011:,C. Suetonius Tranquillus,Divus Julius
urn:cts:latinLit:phi1351.phi004:,Cornelius Tacitus,Historiae
urn:cts:latinLit:phi1351.phi005:,Cornelius Tacitus,Annales
urn:cts:latinLit:phi1351.phi002:,Cornelius Tacitus,Germania
urn:cts:latinLit:phi1351.phi003:,Cornelius Tacitus,Dialogus
urn:cts:latinLit:phi1351.phi001:,Cornelius Tacitus,Agricola
urn:cts:greekLit:tlg2018.tlg002:,Eusebius of Caesarea,Historia ecclesiastica
urn:cts:latinLit:phi0478.phi003:,M. Tullius Cicero,Letters
urn:cts:latinLit:phi1254.phi001:,Aulus Gellius,Noctes Atticae
urn:cts:latinLit:phi0472.phi001:,C. Valerius Catullus,Poems
urn:cts:latinLit:phi0474.phi017:,M. Tullius Cicero,For Flaccus
urn:cts:latinLit:phi0474.phi018:,M. Tullius Cicero,To the Citizens after his Return
urn:cts:latinLit:phi0474.phi019:,M. Tullius Cicero,In the Senate after his Return
urn:cts:latinLit:phi0474.phi013:,M. Tullius Cicero,Against Catiline
urn:cts:latinLit:phi0474.phi014:,M. Tullius Cicero,For Lucius Murena
urn:cts:latinLit:phi0474.phi015:,M. Tullius Cicero,For Sulla
urn:cts:latinLit:phi0474.phi016:,M. Tullius Cicero,For Archias
urn:cts:latinLit:phi0474.phi010:,M. Tullius Cicero,For Aulus Cluentius
urn:cts:latinLit:phi0474.phi011:,M. Tullius Cicero,On the Agrarian Law
urn:cts:latinLit:phi0474.phi012:,M. Tullius Cicero,For Rabirius on a Charge of Treason
urn:cts:latinLit:phi0474.phi008:,M. Tullius Cicero,For Aulus Caecina
urn:cts:latinLit:phi0474.phi009:,M. Tullius Cicero,On Pompey&apos;s Command
urn:cts:latinLit:phi0474.phi006:,M. Tullius Cicero,For Marcus Tullius
urn:cts:latinLit:phi0474.phi007:,M. Tullius Cicero,For Marcus Fonteius
urn:cts:latinLit:phi0474.phi004:,M. Tullius Cicero,Divinatio against Q. Caecilius
urn:cts:latinLit:phi0474.phi005:,M. Tullius Cicero,Against Verres
urn:cts:latinLit:phi0474.phi002:,M. Tullius Cicero,For Sextus Roscius of Ameria
urn:cts:latinLit:phi0474.phi003:,M. Tullius Cicero,For Quintus Roscius the Actor
urn:cts:latinLit:phi0474.phi001:,M. Tullius Cicero,For Publius Quinctius
urn:cts:latinLit:phi0474.phi072:,M. Tullius Cicero,Timaeus
urn:cts:latinLit:phi0474.phi035:,M. Tullius Cicero,Philippics
urn:cts:latinLit:phi0474.phi036:,M. Tullius Cicero,De Inventione
urn:cts:latinLit:phi0474.phi037:,M. Tullius Cicero,On Oratory
urn:cts:latinLit:phi0474.phi038:,M. Tullius Cicero,Partitiones Oratoriae
urn:cts:latinLit:phi0474.phi039:,M. Tullius Cicero,Brutus
urn:cts:latinLit:phi0474.phi030:,M. Tullius Cicero,For Rabirius Postumus
urn:cts:latinLit:phi0474.phi031:,M. Tullius Cicero,For Milo
urn:cts:latinLit:phi0474.phi032:,M. Tullius Cicero,For Marcellus
urn:cts:latinLit:phi0474.phi033:,M. Tullius Cicero,For Ligarius
urn:cts:latinLit:phi0474.phi034:,M. Tullius Cicero,For King Deiotarius
urn:cts:latinLit:phi0474.phi047:,M. Tullius Cicero,Paradoxa Stoicorum
urn:cts:latinLit:phi0474.phi046:,M. Tullius Cicero,Lucullus
urn:cts:latinLit:phi0474.phi049:,M. Tullius Cicero,Tusculanae Disputationes
urn:cts:latinLit:phi0474.phi048:,M. Tullius Cicero,de Finibus Bonorum et Malorum
urn:cts:latinLit:phi0474.phi041:,M. Tullius Cicero,De Optimo Genere Oratorum
urn:cts:latinLit:phi0474.phi040:,M. Tullius Cicero,Orator
urn:cts:latinLit:phi0474.phi043:,M. Tullius Cicero,De Republica
urn:cts:latinLit:phi0474.phi042:,M. Tullius Cicero,Topica
urn:cts:latinLit:phi0474.phi045:,M. Tullius Cicero,Academica
urn:cts:latinLit:phi0474.phi044:,M. Tullius Cicero,De Legibus
urn:cts:latinLit:phi0474.phi026:,M. Tullius Cicero,For Cornelius Balbus
urn:cts:latinLit:phi0474.phi027:,M. Tullius Cicero,Against Piso
urn:cts:latinLit:phi0474.phi024:,M. Tullius Cicero,For Marcus Caelius
urn:cts:latinLit:phi0474.phi025:,M. Tullius Cicero,On the Consular Provinces
urn:cts:latinLit:phi0474.phi028:,M. Tullius Cicero,For Plancius
urn:cts:latinLit:phi0474.phi029:,M. Tullius Cicero,For Aemilius Scaurus
urn:cts:latinLit:phi0474.phi022:,M. Tullius Cicero,For Sestius
urn:cts:latinLit:phi0474.phi023:,M. Tullius Cicero,Against Vatinius
urn:cts:latinLit:phi0474.phi020:,M. Tullius Cicero,On his House
urn:cts:latinLit:phi0474.phi021:,M. Tullius Cicero,On the Responses of the Haruspices
urn:cts:latinLit:phi0474.phi059:,M. Tullius Cicero,Letters to Brutus
urn:cts:latinLit:phi0474.phi058:,M. Tullius Cicero,Letters to his brother Quintus
urn:cts:latinLit:phi0474.phi057:,M. Tullius Cicero,Letters to Atticus
urn:cts:latinLit:phi0474.phi052:,M. Tullius Cicero,De Amicitia
urn:cts:latinLit:phi0474.phi051:,M. Tullius Cicero,De Senectute
urn:cts:latinLit:phi0474.phi050:,M. Tullius Cicero,de Natura Deorum
urn:cts:latinLit:phi0474.phi056:,M. Tullius Cicero,Letters to his Friends
urn:cts:latinLit:phi0474.phi055:,M. Tullius Cicero,De Officiis
urn:cts:latinLit:phi0474.phi054:,M. Tullius Cicero,De Fato
urn:cts:latinLit:phi0474.phi053:,M. Tullius Cicero,De Divinatione
urn:cts:latinLit:phi0914.phi00111s:,Titus Livius (Livy),The History of Rome  Book 11  Summary
urn:cts:latinLit:phi0914.phi00115s:,Titus Livius (Livy),The History of Rome  Book 15  Summary
urn:cts:latinLit:phi0914.phi00113s:,Titus Livius (Livy),The History of Rome  Book 13  Summary
urn:cts:latinLit:phi0914.phi00132:,Titus Livius (Livy),The History of Rome  Book 32
urn:cts:latinLit:phi0914.phi00133:,Titus Livius (Livy),The History of Rome  Book 33
urn:cts:latinLit:phi0914.phi00130:,Titus Livius (Livy),The History of Rome  Book 30
urn:cts:latinLit:phi0914.phi001fr:,Titus Livius (Livy),The History of Rome  Fragments
urn:cts:latinLit:phi0914.phi00131:,Titus Livius (Livy),The History of Rome  Book 31
urn:cts:latinLit:phi0914.phi00136:,Titus Livius (Livy),The History of Rome  Book 36
urn:cts:latinLit:phi0914.phi00137:,Titus Livius (Livy),The History of Rome  Book 37
urn:cts:latinLit:phi0914.phi00118s:,Titus Livius (Livy),The History of Rome  Book 18  Summary
urn:cts:latinLit:phi0914.phi00134:,Titus Livius (Livy),The History of Rome  Book 34
urn:cts:latinLit:phi0914.phi00135:,Titus Livius (Livy),The History of Rome  Book 35
urn:cts:latinLit:phi0914.phi00116s:,Titus Livius (Livy),The History of Rome  Book 16  Summary
urn:cts:latinLit:phi0914.phi00138:,Titus Livius (Livy),The History of Rome  Book 38
urn:cts:latinLit:phi0914.phi00139:,Titus Livius (Livy),The History of Rome  Book 39
urn:cts:latinLit:phi0914.phi0018:,Titus Livius (Livy),The History of Rome  Book 8
urn:cts:latinLit:phi0914.phi0017:,Titus Livius (Livy),The History of Rome  Book 7
urn:cts:latinLit:phi0914.phi0019:,Titus Livius (Livy),The History of Rome  Book 9
urn:cts:latinLit:phi0914.phi00110:,Titus Livius (Livy),The History of Rome  Book 10
urn:cts:latinLit:phi0914.phi00114s:,Titus Livius (Livy),The History of Rome  Book 14  Summary
urn:cts:latinLit:phi0914.phi00120s:,Titus Livius (Livy),The History of Rome  Book 20  Summary
urn:cts:latinLit:phi0914.phi00112s:,Titus Livius (Livy),The History of Rome  Book 12  Summary
urn:cts:latinLit:phi0914.phi00141:,Titus Livius (Livy),The History of Rome  Book 41
urn:cts:latinLit:phi0914.phi00142:,Titus Livius (Livy),The History of Rome  Book 42
urn:cts:latinLit:phi0914.phi00143:,Titus Livius (Livy),The History of Rome  Book 43
urn:cts:latinLit:phi0914.phi00144:,Titus Livius (Livy),The History of Rome  Book 44
urn:cts:latinLit:phi0914.phi00121:,Titus Livius (Livy),The History of Rome  Book 21
urn:cts:latinLit:phi0914.phi00122:,Titus Livius (Livy),The History of Rome  Book 22
urn:cts:latinLit:phi0914.phi00140:,Titus Livius (Livy),The History of Rome  Book 40
urn:cts:latinLit:phi0914.phi00123:,Titus Livius (Livy),The History of Rome  Book 23
urn:cts:latinLit:phi0914.phi0013:,Titus Livius (Livy),The History of Rome  Book 3
urn:cts:latinLit:phi0914.phi00124:,Titus Livius (Livy),The History of Rome  Book 24
urn:cts:latinLit:phi0914.phi00119s:,Titus Livius (Livy),The History of Rome  Book 19  Summary
urn:cts:latinLit:phi0914.phi0014:,Titus Livius (Livy),The History of Rome  Book 4
urn:cts:latinLit:phi0914.phi00125:,Titus Livius (Livy),The History of Rome  Book 25
urn:cts:latinLit:phi0914.phi0015:,Titus Livius (Livy),The History of Rome  Book 5
urn:cts:latinLit:phi0914.phi00126:,Titus Livius (Livy),The History of Rome  Book 26
urn:cts:latinLit:phi0914.phi0016:,Titus Livius (Livy),The History of Rome  Book 6
urn:cts:latinLit:phi0914.phi00127:,Titus Livius (Livy),The History of Rome  Book 27
urn:cts:latinLit:phi0914.phi00145:,Titus Livius (Livy),The History of Rome  Book 45
urn:cts:latinLit:phi0914.phi00128:,Titus Livius (Livy),The History of Rome  Book 28
urn:cts:latinLit:phi0914.phi00129:,Titus Livius (Livy),The History of Rome  Book 29
urn:cts:latinLit:phi0914.phi0011:,Titus Livius (Livy),The History of Rome  Book 1
urn:cts:latinLit:phi0914.phi00117s:,Titus Livius (Livy),The History of Rome  Book 17  Summary
urn:cts:latinLit:phi0914.phi0012:,Titus Livius (Livy),The History of Rome  Book 2
urn:cts:latinLit:phi0917.phi001:,M. Annaeus Lucanus,Civil War
urn:cts:latinLit:phi0134.phi006:,P. Terentius Afer (Terence),The Brothers
urn:cts:latinLit:phi0134.phi004:,P. Terentius Afer (Terence),Phormio
urn:cts:latinLit:phi0134.phi005:,P. Terentius Afer (Terence),The Mother-in-Law
urn:cts:latinLit:phi0134.phi002:,P. Terentius Afer (Terence),The Self-Tormenter
urn:cts:latinLit:phi0134.phi003:,P. Terentius Afer (Terence),The Eunuch
urn:cts:latinLit:phi0134.phi001:,P. Terentius Afer (Terence),Andria
urn:cts:latinLit:stoa0203.stoa001:,Marcus Minucius Felix,Ocatavius
urn:cts:latinLit:phi1035.phi001:,C. Valerius Flaccus,Argonautica
urn:cts:latinLit:phi1038.phi001:,Valerius Maximus,Facta et Dicta Memorabilia
urn:cts:greekLit:tlg0284.tlg027:,Aelius Aristides,Orationes 27
urn:cts:greekLit:tlg0284.tlg026:,Aelius Aristides,Orationes 26
urn:cts:greekLit:tlg0284.tlg029:,Aelius Aristides,Orationes 29
urn:cts:greekLit:tlg0284.tlg028:,Aelius Aristides,Orationes 28
urn:cts:greekLit:tlg0284.tlg023:,Aelius Aristides,Orationes 23
urn:cts:greekLit:tlg0284.tlg022:,Aelius Aristides,Orationes 22
urn:cts:greekLit:tlg0284.tlg025:,Aelius Aristides,Orationes 25
urn:cts:greekLit:tlg0284.tlg024:,Aelius Aristides,Orationes 24
urn:cts:greekLit:tlg0284.tlg021:,Aelius Aristides,Orationes 21
urn:cts:greekLit:tlg0284.tlg020:,Aelius Aristides,Orationes 20
urn:cts:greekLit:tlg0284.tlg039:,Aelius Aristides,Orationes 39
urn:cts:greekLit:tlg0284.tlg038:,Aelius Aristides,Orationes 38
urn:cts:greekLit:tlg0284.tlg037:,Aelius Aristides,Orationes 37
urn:cts:greekLit:tlg0284.tlg036:,Aelius Aristides,Orationes 36
urn:cts:greekLit:tlg0284.tlg035:,Aelius Aristides,Orationes 35
urn:cts:greekLit:tlg0284.tlg034:,Aelius Aristides,Orationes 34
urn:cts:greekLit:tlg0284.tlg033:,Aelius Aristides,Orationes 33
urn:cts:greekLit:tlg0284.tlg032:,Aelius Aristides,Orationes 32
urn:cts:greekLit:tlg0284.tlg031:,Aelius Aristides,Orationes 31
urn:cts:greekLit:tlg0284.tlg030:,Aelius Aristides,Orationes 30
urn:cts:greekLit:tlg0284.tlg049:,Aelius Aristides,Orationes 49
urn:cts:greekLit:tlg0284.tlg048:,Aelius Aristides,Orationes 48
urn:cts:greekLit:tlg0284.tlg001:,Aelius Aristides,Orationes 1
urn:cts:greekLit:tlg0284.tlg002:,Aelius Aristides,Orationes 2
urn:cts:greekLit:tlg0284.tlg003:,Aelius Aristides,Orationes 3
urn:cts:greekLit:tlg0284.tlg004:,Aelius Aristides,Orationes 4
urn:cts:greekLit:tlg0284.tlg041:,Aelius Aristides,Orationes 41
urn:cts:greekLit:tlg0284.tlg005:,Aelius Aristides,Orationes 5
urn:cts:greekLit:tlg0284.tlg040:,Aelius Aristides,Orationes 40
urn:cts:greekLit:tlg0284.tlg006:,Aelius Aristides,Orationes 6
urn:cts:greekLit:tlg0284.tlg043:,Aelius Aristides,Orationes 43
urn:cts:greekLit:tlg0284.tlg007:,Aelius Aristides,Orationes 7
urn:cts:greekLit:tlg0284.tlg042:,Aelius Aristides,Orationes 42
urn:cts:greekLit:tlg0284.tlg008:,Aelius Aristides,Orationes 8
urn:cts:greekLit:tlg0284.tlg045:,Aelius Aristides,Orationes 45
urn:cts:greekLit:tlg0284.tlg009:,Aelius Aristides,Orationes 9
urn:cts:greekLit:tlg0284.tlg044:,Aelius Aristides,Orationes 44
urn:cts:greekLit:tlg0284.tlg047:,Aelius Aristides,Orationes 47
urn:cts:greekLit:tlg0284.tlg046:,Aelius Aristides,Orationes 46
urn:cts:greekLit:tlg0284.tlg050:,Aelius Aristides,Orationes 50
urn:cts:greekLit:tlg0284.tlg010:,Aelius Aristides,Orationes 10
urn:cts:greekLit:tlg0284.tlg013:,Aelius Aristides,Orationes 13
urn:cts:greekLit:tlg0284.tlg014:,Aelius Aristides,Orationes 14
urn:cts:greekLit:tlg0284.tlg011:,Aelius Aristides,Orationes 11
urn:cts:greekLit:tlg0284.tlg012:,Aelius Aristides,Orationes 12
urn:cts:greekLit:tlg0284.tlg017:,Aelius Aristides,Orationes 17
urn:cts:greekLit:tlg0284.tlg054:,Aelius Aristides,Orationes 54
urn:cts:greekLit:tlg0284.tlg053:,Aelius Aristides,Orationes 53
urn:cts:greekLit:tlg0284.tlg018:,Aelius Aristides,Orationes 18
urn:cts:greekLit:tlg0284.tlg015:,Aelius Aristides,Orationes 15
urn:cts:greekLit:tlg0284.tlg052:,Aelius Aristides,Orationes 52
urn:cts:greekLit:tlg0284.tlg051:,Aelius Aristides,Orationes 51
urn:cts:greekLit:tlg0284.tlg016:,Aelius Aristides,Orationes 16
urn:cts:greekLit:tlg0284.tlg056:,Aelius Aristides,Ars Rhetorica
urn:cts:greekLit:tlg0284.tlg019:,Aelius Aristides,Orationes 19
urn:cts:greekLit:tlg0284.tlg055:,Aelius Aristides,Orationes 55
urn:cts:greekLit:tlg0014.tlg027:,Demosthenes,Against Aphobus 1
urn:cts:greekLit:tlg0014.tlg026:,Demosthenes,Against Aristogiton 2
urn:cts:greekLit:tlg0014.tlg029:,Demosthenes,Against Aphobus
urn:cts:greekLit:tlg0014.tlg028:,Demosthenes,Against Aphobus 2
urn:cts:greekLit:tlg0014.tlg023:,Demosthenes,Against Aristocrates
urn:cts:greekLit:tlg0014.tlg022:,Demosthenes,Against Androtion
urn:cts:greekLit:tlg0014.tlg025:,Demosthenes,Against Aristogiton 1
urn:cts:greekLit:tlg0014.tlg024:,Demosthenes,Against Timocrates
urn:cts:greekLit:tlg0014.tlg021:,Demosthenes,Against Midias
urn:cts:greekLit:tlg0014.tlg020:,Demosthenes,Against Leptines
urn:cts:greekLit:tlg0014.tlg062:,Demosthenes,Exordia
urn:cts:greekLit:tlg0014.tlg063:,Demosthenes,Letters
urn:cts:greekLit:tlg0014.tlg039:,Demosthenes,Against Boeotus 1
urn:cts:greekLit:tlg0014.tlg038:,Demosthenes,Against Nausimachus and Xenopeithes
urn:cts:greekLit:tlg0014.tlg037:,Demosthenes,Against Pantaenetus
urn:cts:greekLit:tlg0014.tlg036:,Demosthenes,For Phormio
urn:cts:greekLit:tlg0014.tlg035:,Demosthenes,Against Lacritus
urn:cts:greekLit:tlg0014.tlg034:,Demosthenes,Against Phormio
urn:cts:greekLit:tlg0014.tlg033:,Demosthenes,Against Apatourius
urn:cts:greekLit:tlg0014.tlg032:,Demosthenes,Against Zenothemis
urn:cts:greekLit:tlg0014.tlg031:,Demosthenes,Against Onetor
urn:cts:greekLit:tlg0014.tlg030:,Demosthenes,Against Onetor
urn:cts:greekLit:tlg0014.tlg049:,Demosthenes,Against Timotheus
urn:cts:greekLit:tlg0014.tlg048:,Demosthenes,Against Olympiodorus
urn:cts:greekLit:tlg0014.tlg001:,Demosthenes,Olynthiac 1
urn:cts:greekLit:tlg0014.tlg002:,Demosthenes,Olynthiac 2
urn:cts:greekLit:tlg0014.tlg003:,Demosthenes,Olynthiac 3
urn:cts:greekLit:tlg0014.tlg004:,Demosthenes,Philippic 1
urn:cts:greekLit:tlg0014.tlg041:,Demosthenes,Against Spudias
urn:cts:greekLit:tlg0014.tlg005:,Demosthenes,On the Peace
urn:cts:greekLit:tlg0014.tlg040:,Demosthenes,Against Boeotus 2
urn:cts:greekLit:tlg0014.tlg006:,Demosthenes,Philippic 2
urn:cts:greekLit:tlg0014.tlg043:,Demosthenes,Against Macartatus
urn:cts:greekLit:tlg0014.tlg007:,Demosthenes,On the Halonnesus
urn:cts:greekLit:tlg0014.tlg042:,Demosthenes,Against Phaenippus
urn:cts:greekLit:tlg0014.tlg008:,Demosthenes,On the Chersonese
urn:cts:greekLit:tlg0014.tlg045:,Demosthenes,Against Stephanus 1
urn:cts:greekLit:tlg0014.tlg009:,Demosthenes,Philippic 3
urn:cts:greekLit:tlg0014.tlg044:,Demosthenes,Against Leochares
urn:cts:greekLit:tlg0014.tlg047:,Demosthenes,Against Evergus and Mnesibulus
urn:cts:greekLit:tlg0014.tlg046:,Demosthenes,Against Stephanus 2
urn:cts:greekLit:tlg0014.tlg050:,Demosthenes,Against Polycles
urn:cts:greekLit:tlg0014.tlg010:,Demosthenes,Philippic 4
urn:cts:greekLit:tlg0014.tlg059:,Demosthenes,Against Neaera
urn:cts:greekLit:tlg0014.tlg013:,Demosthenes,On Organization
urn:cts:greekLit:tlg0014.tlg014:,Demosthenes,On the Navy
urn:cts:greekLit:tlg0014.tlg011:,Demosthenes,Reply to Philip
urn:cts:greekLit:tlg0014.tlg012:,Demosthenes,Philip
urn:cts:greekLit:tlg0014.tlg054:,Demosthenes,Against Conon
urn:cts:greekLit:tlg0014.tlg017:,Demosthenes,On the Accession of Alexander
urn:cts:greekLit:tlg0014.tlg053:,Demosthenes,Against Nicostratus
urn:cts:greekLit:tlg0014.tlg018:,Demosthenes,On the Crown
urn:cts:greekLit:tlg0014.tlg052:,Demosthenes,Against Callippus
urn:cts:greekLit:tlg0014.tlg015:,Demosthenes,On the Liberty of the Rhodians
urn:cts:greekLit:tlg0014.tlg051:,Demosthenes,On the Trierarchic Crown
urn:cts:greekLit:tlg0014.tlg016:,Demosthenes,For the Megalopolitans
urn:cts:greekLit:tlg0014.tlg058:,Demosthenes,Against Theocrines
urn:cts:greekLit:tlg0014.tlg057:,Demosthenes,Against Eubulides
urn:cts:greekLit:tlg0014.tlg056:,Demosthenes,Against Dionysodorus
urn:cts:greekLit:tlg0014.tlg019:,Demosthenes,On the False Embassy
urn:cts:greekLit:tlg0014.tlg055:,Demosthenes,Against Callicles
urn:cts:greekLit:tlg0014.tlg060:,Demosthenes,Funeral Speech
urn:cts:greekLit:tlg0014.tlg061:,Demosthenes,Erotic Essay
urn:cts:greekLit:tlg0013.tlg027:,Homeric Hymns,Hymn 27 to Artemis
urn:cts:greekLit:tlg0013.tlg026:,Homeric Hymns,Hymn 26 to Dionysus
urn:cts:greekLit:tlg0013.tlg001:,Homeric Hymns,Hymn 1 to Dionysus
urn:cts:greekLit:tlg0013.tlg029:,Homeric Hymns,Hymn 29 to Hestia
urn:cts:greekLit:tlg0013.tlg002:,Homeric Hymns,Hymn 2 to Demeter
urn:cts:greekLit:tlg0013.tlg028:,Homeric Hymns,Hymn 28 to Athena
urn:cts:greekLit:tlg0013.tlg003:,Homeric Hymns,Hymn 3 to Apollo
urn:cts:greekLit:tlg0013.tlg004:,Homeric Hymns,Hymn 4 to Hermes
urn:cts:greekLit:tlg0013.tlg023:,Homeric Hymns,Hymn 23 to Zeus
urn:cts:greekLit:tlg0013.tlg005:,Homeric Hymns,Hymn 5 to Aphrodite
urn:cts:greekLit:tlg0013.tlg022:,Homeric Hymns,Hymn 22 to Poseidon
urn:cts:greekLit:tlg0013.tlg025:,Homeric Hymns,Hymn 25 to the Muses and Apollo
urn:cts:greekLit:tlg0013.tlg006:,Homeric Hymns,Hymn 6 to Aphrodite
urn:cts:greekLit:tlg0013.tlg024:,Homeric Hymns,Hymn 24 to Hestia
urn:cts:greekLit:tlg0013.tlg007:,Homeric Hymns,Hymn 7 to Dionysus
urn:cts:greekLit:tlg0013.tlg008:,Homeric Hymns,Hymn 8 to Ares
urn:cts:greekLit:tlg0013.tlg009:,Homeric Hymns,Hymn 9 to Artemis
urn:cts:greekLit:tlg0013.tlg021:,Homeric Hymns,Hymn 21 to Apollo
urn:cts:greekLit:tlg0013.tlg020:,Homeric Hymns,Hymn 20 to Hephaestus
urn:cts:greekLit:tlg0013.tlg010:,Homeric Hymns,Hymn 10 to Aphrodite
urn:cts:greekLit:tlg0013.tlg013:,Homeric Hymns,Hymn 13 to Demeter
urn:cts:greekLit:tlg0013.tlg014:,Homeric Hymns,Hymn 14 to the Mother of the Gods
urn:cts:greekLit:tlg0013.tlg011:,Homeric Hymns,Hymn 11 to Athena
urn:cts:greekLit:tlg0013.tlg012:,Homeric Hymns,Hymn 12 to Hera
urn:cts:greekLit:tlg0013.tlg017:,Homeric Hymns,Hymn 17 to the Dioscuri
urn:cts:greekLit:tlg0013.tlg018:,Homeric Hymns,Hymn 18 to Hermes
urn:cts:greekLit:tlg0013.tlg015:,Homeric Hymns,Hymn 15 to Heracles
urn:cts:greekLit:tlg0013.tlg016:,Homeric Hymns,Hymn 16 to Asclepius
urn:cts:greekLit:tlg0013.tlg033:,Homeric Hymns,Hymn 33 to the Dioscuri
urn:cts:greekLit:tlg0013.tlg032:,Homeric Hymns,Hymn 32 to Selene
urn:cts:greekLit:tlg0013.tlg031:,Homeric Hymns,Hymn 31 to Helios
urn:cts:greekLit:tlg0013.tlg030:,Homeric Hymns,Hymn 30 to Earth
urn:cts:greekLit:tlg0013.tlg019:,Homeric Hymns,Hymn 19 to Pan
urn:cts:greekLit:tlg0012.tlg001:,Homer,Iliad
urn:cts:greekLit:tlg0012.tlg002:,Homer,Odyssey
urn:cts:greekLit:tlg0011.tlg001:,Sophocles,Trachiniae
urn:cts:greekLit:tlg0011.tlg002:,Sophocles,Antigone
urn:cts:greekLit:tlg0011.tlg003:,Sophocles,Ajax
urn:cts:greekLit:tlg0011.tlg004:,Sophocles,Oedipus Tyrannus
urn:cts:greekLit:tlg0011.tlg005:,Sophocles,Electra
urn:cts:greekLit:tlg0011.tlg006:,Sophocles,Philoctetes
urn:cts:greekLit:tlg0011.tlg007:,Sophocles,Oedipus at Colonus
urn:cts:greekLit:tlg0011.tlg008:,Sophocles,Ichneutae
urn:cts:greekLit:tlg0010.tlg027:,Isocrates,Ad Philippum
urn:cts:greekLit:tlg0010.tlg001:,Isocrates,Against Euthynus
urn:cts:greekLit:tlg0010.tlg026:,Isocrates,Ad Timotheum
urn:cts:greekLit:tlg0010.tlg029:,Isocrates,Ad Antipatrum
urn:cts:greekLit:tlg0010.tlg002:,Isocrates,Against Callimachus
urn:cts:greekLit:tlg0010.tlg003:,Isocrates,Against Lochites
urn:cts:greekLit:tlg0010.tlg028:,Isocrates,Ad Alexandrum
urn:cts:greekLit:tlg0010.tlg023:,Isocrates,Ad filios Jasonis
urn:cts:greekLit:tlg0010.tlg004:,Isocrates,On the team of horses
urn:cts:greekLit:tlg0010.tlg022:,Isocrates,Ad Dionysium
urn:cts:greekLit:tlg0010.tlg005:,Isocrates,Trapeziticus
urn:cts:greekLit:tlg0010.tlg006:,Isocrates,Aegineticus
urn:cts:greekLit:tlg0010.tlg025:,Isocrates,Ad reges Mytilenaeos
urn:cts:greekLit:tlg0010.tlg007:,Isocrates,To Demonicus
urn:cts:greekLit:tlg0010.tlg024:,Isocrates,Ad Archidamum
urn:cts:greekLit:tlg0010.tlg008:,Isocrates,Against the Sophists
urn:cts:greekLit:tlg0010.tlg009:,Isocrates,Helen
urn:cts:greekLit:tlg0010.tlg021:,Isocrates,Panathenaicus
urn:cts:greekLit:tlg0010.tlg020:,Isocrates,To Philip
urn:cts:greekLit:tlg0010.tlg010:,Isocrates,Busiris
urn:cts:greekLit:tlg0010.tlg013:,Isocrates,To Nicocles
urn:cts:greekLit:tlg0010.tlg014:,Isocrates,Nicocles or the Cyprians
urn:cts:greekLit:tlg0010.tlg011:,Isocrates,Panegyricus
urn:cts:greekLit:tlg0010.tlg012:,Isocrates,Plataicus
urn:cts:greekLit:tlg0010.tlg017:,Isocrates,On the Peace
urn:cts:greekLit:tlg0010.tlg018:,Isocrates,Areopagiticus
urn:cts:greekLit:tlg0010.tlg015:,Isocrates,Evagoras
urn:cts:greekLit:tlg0010.tlg016:,Isocrates,Archidamus
urn:cts:greekLit:tlg0010.tlg030:,Isocrates,Ad Philippum
urn:cts:greekLit:tlg0010.tlg019:,Isocrates,Antidosis
urn:cts:latinLit:phi1221.phi007:,Caesar Augustus,Res Gestae
urn:cts:latinLit:phi0550.phi001:,Lucretius,De Rerum Natura
urn:cts:greekLit:tlg0094.tlg001:,Pseudo-Plutarch,De fluviis
urn:cts:greekLit:tlg0094.tlg002:,Pseudo-Plutarch,De musica
urn:cts:greekLit:tlg0094.tlg003:,Pseudo-Plutarch,Placita Philosophorum
urn:cts:greekLit:tlg0019.tlg010:,Aristophanes,Ecclesiazusae
urn:cts:greekLit:tlg0019.tlg001:,Aristophanes,Acharnians
urn:cts:greekLit:tlg0019.tlg011:,Aristophanes,Plutus
urn:cts:greekLit:tlg0019.tlg002:,Aristophanes,Knights
urn:cts:greekLit:tlg0019.tlg003:,Aristophanes,Clouds
urn:cts:greekLit:tlg0019.tlg004:,Aristophanes,Wasps
urn:cts:greekLit:tlg0019.tlg005:,Aristophanes,Peace
urn:cts:greekLit:tlg0019.tlg006:,Aristophanes,Birds
urn:cts:greekLit:tlg0019.tlg007:,Aristophanes,Lysistrata
urn:cts:greekLit:tlg0019.tlg008:,Aristophanes,Thesmophoriazusae
urn:cts:greekLit:tlg0019.tlg009:,Aristophanes,Frogs
urn:cts:greekLit:tlg0093.tlg009:,Theophrastus,Characters
urn:cts:greekLit:tlg2003.tlg010:,Julian the Emperor,The Caesars
urn:cts:greekLit:tlg2003.tlg013:,Julian the Emperor,Epistulae
urn:cts:greekLit:tlg2003.tlg001:,Julian the Emperor,Panegyric in Honor of the Emperor ConstantinusOration I
urn:cts:greekLit:tlg2003.tlg011:,Julian the Emperor,Hymn to King Helios Dedicated to SallustOration IV
urn:cts:greekLit:tlg2003.tlg002:,Julian the Emperor,Panegyric on the Empress EusebiaOration III
urn:cts:greekLit:tlg2003.tlg003:,Julian the Emperor,The Heroic Deeds of the Emperor Constantius or on KingshipOration II
urn:cts:greekLit:tlg2003.tlg012:,Julian the Emperor,Misopogon
urn:cts:greekLit:tlg2003.tlg017:,Julian the Emperor,Contra Galilaeos
urn:cts:greekLit:tlg2003.tlg004:,Julian the Emperor,A Consolation to Himself Upon the Departure of the Excellent SallustOration VIII
urn:cts:greekLit:tlg2003.tlg005:,Julian the Emperor,Letter to the Senate and the People of Athens
urn:cts:greekLit:tlg2003.tlg006:,Julian the Emperor,Epistula ad Themistium
urn:cts:greekLit:tlg2003.tlg007:,Julian the Emperor,To the Cynic HeracleiosOration VII
urn:cts:greekLit:tlg2003.tlg008:,Julian the Emperor,Hymn to the Mother of the GodsOration V
urn:cts:greekLit:tlg2003.tlg009:,Julian the Emperor,To the Uneducated CynicsOration VI
urn:cts:greekLit:tlg0017.tlg010:,Isaeus,Aristarchus
urn:cts:greekLit:tlg0017.tlg001:,Isaeus,Cleonymus
urn:cts:greekLit:tlg0017.tlg002:,Isaeus,Menecles
urn:cts:greekLit:tlg0017.tlg011:,Isaeus,Hagnias
urn:cts:greekLit:tlg0017.tlg003:,Isaeus,Pyrrhus
urn:cts:greekLit:tlg0017.tlg012:,Isaeus,Euphiletus
urn:cts:greekLit:tlg0017.tlg004:,Isaeus,Nicostratus
urn:cts:greekLit:tlg0017.tlg005:,Isaeus,Dicaeogenes
urn:cts:greekLit:tlg0017.tlg006:,Isaeus,Philoctemon
urn:cts:greekLit:tlg0017.tlg007:,Isaeus,Apollodorus
urn:cts:greekLit:tlg0017.tlg008:,Isaeus,Ciron
urn:cts:greekLit:tlg0017.tlg009:,Isaeus,Astyphilus
urn:cts:greekLit:tlg0341.tlg002:,Lycophron,Alexandra
urn:cts:greekLit:tlg0016.tlg001:,Herodotus,Histories
urn:cts:greekLit:tlg0099.tlg001:,Strabo,Geography
urn:cts:greekLit:tlg7000.tlg001:,greekLit:tlg7000,Greek Anthology
urn:cts:latinLit:phi0660.phi003:,Sulpicia,Poems
urn:cts:latinLit:phi0660.phi001:,Sulpicia,Elegiae
urn:cts:greekLit:tlg0655.tlg001:,Parthenius,Narrationes Amatoriae
urn:cts:greekLit:tlg0653.tlg001:,Aratus Solensis,Phaenomena
urn:cts:greekLit:tlg0023.tlg001:,Oppian,Halieutica
urn:cts:greekLit:tlg0024.tlg001:,Oppian of Apamea,Cynegetica
urn:cts:latinLit:phi1020.phi002:,P. Papinius Statius,Silvae
urn:cts:latinLit:phi1020.phi003:,P. Papinius Statius,Achilleis
urn:cts:latinLit:phi1020.phi001:,P. Papinius Statius,Thebias
urn:cts:greekLit:tlg0020.tlg001:,Hesiod,Theogony
urn:cts:greekLit:tlg0020.tlg002:,Hesiod,Works and Days
urn:cts:greekLit:tlg0020.tlg003:,Hesiod,Shield of Heracles
urn:cts:greekLit:tlg0719.tlg001:,Aretaeus,De causis et signis acutorum morborum (lib. 1)
urn:cts:greekLit:tlg0719.tlg002:,Aretaeus,De causis et signis acutorum morborum (lib. 2)
urn:cts:greekLit:tlg0719.tlg003:,Aretaeus,De curatione acutorum morborum libri duo
urn:cts:greekLit:tlg0719.tlg004:,Aretaeus,De curatione diuturnorum morborum libri duo
urn:cts:greekLit:tlg0026.tlg001:,Aeschines,Against Timarchus
urn:cts:greekLit:tlg0026.tlg002:,Aeschines,On the Embassy
urn:cts:greekLit:tlg0026.tlg003:,Aeschines,Against Ctesiphon
urn:cts:greekLit:tlg0526.tlg001:,Flavius Josephus,Jewish Antiquities
urn:cts:greekLit:tlg0526.tlg002:,Flavius Josephus,Life of Josephus
urn:cts:greekLit:tlg0526.tlg003:,Flavius Josephus,Against Apion
urn:cts:greekLit:tlg0526.tlg004:,Flavius Josephus,The Jewish War
urn:cts:greekLit:tlg0525.tlg001:,Pausanias,Description of Greece
urn:cts:greekLit:tlg0027.tlg001:,Andocides,On the Mysteries
urn:cts:greekLit:tlg0027.tlg002:,Andocides,On his Return
urn:cts:greekLit:tlg0027.tlg003:,Andocides,On the Peace
urn:cts:greekLit:tlg0027.tlg004:,Andocides,Against Alcibiades
urn:cts:greekLit:tlg0028.tlg001:,Antiphon,Against the Stepmother for Poisoning
urn:cts:greekLit:tlg0028.tlg002:,Antiphon,First Tetralogy
urn:cts:greekLit:tlg0028.tlg003:,Antiphon,Second Tetralogy
urn:cts:greekLit:tlg0028.tlg004:,Antiphon,Third Tetralogy
urn:cts:greekLit:tlg0028.tlg005:,Antiphon,On the murder of Herodes
urn:cts:greekLit:tlg0028.tlg006:,Antiphon,On the Choreutes
urn:cts:latinLit:stoa0023.stoa001:,Ammianus Marcellinus,Rerum Gestarum
urn:cts:greekLit:tlg0029.tlg004:,Dinarchus,Against Demosthenes
urn:cts:greekLit:tlg0029.tlg005:,Dinarchus,Against Aristogiton
urn:cts:greekLit:tlg0029.tlg006:,Dinarchus,Against Philocles
urn:cts:greekLit:tlg0527.tlg049:,Old Testament,Jeremiah
urn:cts:greekLit:tlg0527.tlg048:,Old Testament,Isaiah
urn:cts:greekLit:tlg0527.tlg027:,Old Testament,Psalm
urn:cts:greekLit:tlg0527.tlg001:,Old Testament,Genesis
urn:cts:greekLit:tlg0527.tlg029:,Old Testament,Proverbs
urn:cts:greekLit:tlg0527.tlg002:,Old Testament,Exodus
urn:cts:greekLit:tlg0527.tlg003:,Old Testament,Leviticus
urn:cts:greekLit:tlg0527.tlg004:,Old Testament,Numbers
urn:cts:greekLit:tlg0527.tlg023:,Old Testament,1 Maccabees
urn:cts:greekLit:tlg0527.tlg041:,Old Testament,Jonah
urn:cts:greekLit:tlg0527.tlg040:,Old Testament,Obadiah
urn:cts:greekLit:tlg0527.tlg005:,Old Testament,Deuteronomy
urn:cts:greekLit:tlg0527.tlg043:,Old Testament,Habakkuk
urn:cts:greekLit:tlg0527.tlg006:,Old Testament,Joshua
urn:cts:greekLit:tlg0527.tlg024:,Old Testament,2 Maccabees
urn:cts:greekLit:tlg0527.tlg042:,Old Testament,Nahum
urn:cts:greekLit:tlg0527.tlg008:,Old Testament,Judges
urn:cts:greekLit:tlg0527.tlg045:,Old Testament,Haggai
urn:cts:greekLit:tlg0527.tlg044:,Old Testament,Zephaniah
urn:cts:greekLit:tlg0527.tlg047:,Old Testament,Malachi
urn:cts:greekLit:tlg0527.tlg021:,Old Testament,Tobit
urn:cts:greekLit:tlg0527.tlg020:,Old Testament,Judith
urn:cts:greekLit:tlg0527.tlg046:,Old Testament,Zechariah
urn:cts:greekLit:tlg0527.tlg050:,Old Testament,Baruch
urn:cts:greekLit:tlg0527.tlg010:,Old Testament,Ruth
urn:cts:greekLit:tlg0527.tlg013:,Old Testament,1 Kings
urn:cts:greekLit:tlg0527.tlg039:,Old Testament,Joel
urn:cts:greekLit:tlg0527.tlg014:,Old Testament,2 Kings
urn:cts:greekLit:tlg0527.tlg038:,Old Testament,Micah
urn:cts:greekLit:tlg0527.tlg011:,Old Testament,1 Samuel
urn:cts:greekLit:tlg0527.tlg037:,Old Testament,Amos
urn:cts:greekLit:tlg0527.tlg012:,Old Testament,2 Samuel
urn:cts:greekLit:tlg0527.tlg036:,Old Testament,Hosea
urn:cts:greekLit:tlg0527.tlg017:,Old Testament,1 Esdras
urn:cts:greekLit:tlg0527.tlg018:,Old Testament,2 Esdras
urn:cts:greekLit:tlg0527.tlg053:,Old Testament,Ezekiel
urn:cts:greekLit:tlg0527.tlg034:,Old Testament,Ecclesiasticus
urn:cts:greekLit:tlg0527.tlg015:,Old Testament,1 Chronicles
urn:cts:greekLit:tlg0527.tlg033:,Old Testament,Wisdom
urn:cts:greekLit:tlg0527.tlg016:,Old Testament,2 Chronicles
urn:cts:greekLit:tlg0527.tlg051:,Old Testament,Lamentations
urn:cts:greekLit:tlg0527.tlg032:,Old Testament,Job
urn:cts:greekLit:tlg0527.tlg031:,Old Testament,Canticles
urn:cts:greekLit:tlg0527.tlg019:,Old Testament,Esther
urn:cts:greekLit:tlg0527.tlg056:,Old Testament,Daniel
urn:cts:greekLit:tlg0527.tlg030:,Old Testament,Ecclesiastes
urn:cts:greekLit:tlg0652.tlg001:,Philostratus Minor,Imagines
urn:cts:latinLit:phi0860.phi001:,Quintus Curtius Rufus ,Historiarum Alexandri Magni
urn:cts:latinLit:stoa0255.stoa010:,Seneca,de Ira
urn:cts:latinLit:stoa0255.stoa011:,Seneca,de Otio Sapientis
urn:cts:latinLit:stoa0255.stoa012:,Seneca,de Providentia
urn:cts:latinLit:stoa0255.stoa013:,Seneca,de Tranquilitate Animi
urn:cts:latinLit:stoa0255.stoa004:,Seneca,de Brevitate Vitae
urn:cts:latinLit:stoa0255.stoa014:,Seneca,de Vita Beata
urn:cts:latinLit:stoa0255.stoa008:,Seneca,de consolatione ad Polybium
urn:cts:latinLit:stoa0255.stoa009:,Seneca,de Constantia
urn:cts:latinLit:stoa0255.stoa006:,Seneca,de consolatione ad Helviam
urn:cts:latinLit:stoa0255.stoa007:,Seneca,de consolatione ad Marciam
urn:cts:latinLit:phi0631.phi002:,Sallust,Bellum Iugurthinum
urn:cts:latinLit:phi0631.phi003:,Sallust,Historiae
urn:cts:latinLit:phi0631.phi001:,Sallust,Catilinae Coniuratio
urn:cts:greekLit:tlg0647.tlg001:,Tryphiodorus,Taking of Ilios
urn:cts:greekLit:tlg0648.tlg001:,Onasander,Strategicus
urn:cts:latinLit:phi0448.phi002:,C. Julius Caesar,Civil War
urn:cts:latinLit:phi0448.phi001:,C. Julius Caesar,Gallic War
urn:cts:greekLit:tlg0074.tlg001:,Arrian,Anabasis
urn:cts:greekLit:tlg0074.tlg002:,Arrian,Indica
urn:cts:greekLit:tlg0074.tlg003:,Arrian,Cynegeticus
urn:cts:greekLit:tlg0074.tlg004:,Arrian,Periplus Ponti Euxini
urn:cts:greekLit:tlg0074.tlg005:,Arrian,Tactica
urn:cts:greekLit:tlg0074.tlg006:,Arrian,Acies Contra Alanos
urn:cts:latinLit:phi2331.phi017:,Scriptores Historiae Augustae,Antoninus Heliogobalus
urn:cts:latinLit:phi2331.phi018:,Scriptores Historiae Augustae,Alexander Severus
urn:cts:latinLit:phi2331.phi019:,Scriptores Historiae Augustae,Maximini Duo
urn:cts:latinLit:phi2331.phi013:,Scriptores Historiae Augustae,Antoninus Caracalla
urn:cts:latinLit:phi2331.phi014:,Scriptores Historiae Augustae,Antoninus Geta
urn:cts:latinLit:phi2331.phi015:,Scriptores Historiae Augustae,Opilius Macrinus
urn:cts:latinLit:phi2331.phi016:,Scriptores Historiae Augustae,Diadumenus Antoninus
urn:cts:latinLit:phi2331.phi010:,Scriptores Historiae Augustae,Severus
urn:cts:latinLit:phi2331.phi011:,Scriptores Historiae Augustae,Pescennius Niger
urn:cts:latinLit:phi2331.phi012:,Scriptores Historiae Augustae,Clodinus Albinus
urn:cts:latinLit:phi2331.phi030:,Scriptores Historiae Augustae,Carus et Carinus et Numerianus
urn:cts:latinLit:phi2331.phi008:,Scriptores Historiae Augustae,Pertinax
urn:cts:latinLit:phi2331.phi026:,Scriptores Historiae Augustae,Divus Aurelianus
urn:cts:latinLit:phi2331.phi009:,Scriptores Historiae Augustae,Didius Julianus
urn:cts:latinLit:phi2331.phi027:,Scriptores Historiae Augustae,Tacitus
urn:cts:latinLit:phi2331.phi024:,Scriptores Historiae Augustae,Tyranni Triginta
urn:cts:latinLit:phi2331.phi006:,Scriptores Historiae Augustae,Avidius Casius
urn:cts:latinLit:phi2331.phi025:,Scriptores Historiae Augustae,Divus Claudius
urn:cts:latinLit:phi2331.phi007:,Scriptores Historiae Augustae,Commodus Antoninus
urn:cts:latinLit:phi2331.phi004:,Scriptores Historiae Augustae,Marcus Antoninus Philosophus
urn:cts:latinLit:phi2331.phi005:,Scriptores Historiae Augustae,Verus
urn:cts:latinLit:phi2331.phi028:,Scriptores Historiae Augustae,Probus
urn:cts:latinLit:phi2331.phi002:,Scriptores Historiae Augustae,Helius
urn:cts:latinLit:phi2331.phi003:,Scriptores Historiae Augustae,Antoninus Pius
urn:cts:latinLit:phi2331.phi029:,Scriptores Historiae Augustae,Firmus Saturninus- Proculus et Bonosus
urn:cts:latinLit:phi2331.phi001:,Scriptores Historiae Augustae,De Vita Hadriani
urn:cts:latinLit:phi2331.phi022:,Scriptores Historiae Augustae,Valeriani Duo
urn:cts:latinLit:phi2331.phi023:,Scriptores Historiae Augustae,Gallieni Duo
urn:cts:latinLit:phi2331.phi020:,Scriptores Historiae Augustae,Goridani Tres
urn:cts:latinLit:phi2331.phi021:,Scriptores Historiae Augustae,Maximus et Balbinus
urn:cts:latinLit:phi1002.phi0018:,Quintilian,Institutio Oratoria  Book 8
urn:cts:latinLit:phi1002.phi0017:,Quintilian,Institutio Oratoria  Book 7
urn:cts:latinLit:phi1002.phi00111:,Quintilian,Institutio Oratoria  Book 11
urn:cts:latinLit:phi1002.phi00110:,Quintilian,Institutio Oratoria  Book 10
urn:cts:latinLit:phi1002.phi0019:,Quintilian,Institutio Oratoria  Book 9
urn:cts:latinLit:phi1002.phi00112:,Quintilian,Institutio Oratoria  Book 12
urn:cts:latinLit:phi1002.phi0013:,Quintilian,Institutio Oratoria  Book 3
urn:cts:latinLit:phi1002.phi001p:,Quintilian,Institutio Oratoria  Preface
urn:cts:latinLit:phi1002.phi0014:,Quintilian,Institutio Oratoria  Book 4
urn:cts:latinLit:phi1002.phi0015:,Quintilian,Institutio Oratoria  Book 5
urn:cts:latinLit:phi1002.phi0016:,Quintilian,Institutio Oratoria  Book 6
urn:cts:latinLit:phi1002.phi0011:,Quintilian,Institutio Oratoria  Book 1
urn:cts:latinLit:phi1002.phi0012:,Quintilian,Institutio Oratoria  Book 2
urn:cts:latinLit:phi1294.phi002:,Martial,Epigrammata
urn:cts:latinLit:phi0969.phi001:,Persius,Saturae
urn:cts:greekLit:tlg0535.tlg001:,Demades,On the Twelve Years
urn:cts:greekLit:tlg0532.tlg001:,Achilles Tatius,Leucippe et Clitophon
urn:cts:greekLit:tlg0533.tlg003:,Callimachus,Epigrams
urn:cts:greekLit:tlg0533.tlg017:,Callimachus,Hymn to Artemis
urn:cts:greekLit:tlg0533.tlg004:,Callimachus,Epigrams
urn:cts:greekLit:tlg0533.tlg018:,Callimachus,Hymn to Delos
urn:cts:greekLit:tlg0533.tlg015:,Callimachus,Hymn to Zeus
urn:cts:greekLit:tlg0533.tlg016:,Callimachus,Hymn to Apollo
urn:cts:greekLit:tlg0533.tlg019:,Callimachus,Hymn to Athena
urn:cts:greekLit:tlg0533.tlg020:,Callimachus,Hymn to Demeter
urn:cts:latinLit:stoa0058.stoa025:,Boethius,Quomodo Trinitas Unus Deus Ac Non Tres Dii (De Trinitate)
urn:cts:latinLit:stoa0058.stoa028:,Boethius,Utrum Pater Et Filius Ac Spiritus Sanctus De Divinitate Substantialiter Praedicentur Liber
urn:cts:latinLit:stoa0058.stoa001:,Boethius,De consolatione philosophiae
urn:cts:latinLit:stoa0058.stoa003:,Boethius,Quomodo Substantiae in Eo Quod Sint Bonae Sint Cum Non Sint Substanialia Bona
urn:cts:latinLit:stoa0058.stoa023:,Boethius,Liber De Persona et Duabus Naturis Contra Eutychen Et Nestorium
urn:cts:latinLit:stoa0058.stoa006:,Boethius,Theological Tractates
urn:cts:greekLit:tlg0540.tlg027:,Lysias,Against Epicrates and his Fellow Envoys
urn:cts:greekLit:tlg0540.tlg001:,Lysias,On the Murder of Eratosthenes
urn:cts:greekLit:tlg0540.tlg026:,Lysias,On the Scrutiny of Evandros
urn:cts:greekLit:tlg0540.tlg002:,Lysias,Funeral Oration
urn:cts:greekLit:tlg0540.tlg029:,Lysias,Against Philocrates
urn:cts:greekLit:tlg0540.tlg003:,Lysias,Against Simon
urn:cts:greekLit:tlg0540.tlg028:,Lysias,Against Ergocles
urn:cts:greekLit:tlg0540.tlg023:,Lysias,Against Pancleon
urn:cts:greekLit:tlg0540.tlg004:,Lysias,On a Wound by Premeditation
urn:cts:greekLit:tlg0540.tlg022:,Lysias,Against the Corn Dealers
urn:cts:greekLit:tlg0540.tlg005:,Lysias,For Callias
urn:cts:greekLit:tlg0540.tlg025:,Lysias,Defence against a Charge of subverting the Democracy
urn:cts:greekLit:tlg0540.tlg006:,Lysias,Against Andocides
urn:cts:greekLit:tlg0540.tlg024:,Lysias,On the Refusal of a Pension
urn:cts:greekLit:tlg0540.tlg007:,Lysias,On the Olive Stump
urn:cts:greekLit:tlg0540.tlg008:,Lysias,Accusation of Calumny
urn:cts:greekLit:tlg0540.tlg009:,Lysias,For the Soldier
urn:cts:greekLit:tlg0540.tlg021:,Lysias,Defence against a Charge of Taking Bribes
urn:cts:greekLit:tlg0540.tlg020:,Lysias,For Polystratus
urn:cts:greekLit:tlg0540.tlg010:,Lysias,Against Theomnestus 1
urn:cts:greekLit:tlg0540.tlg013:,Lysias,Against Agoratus
urn:cts:greekLit:tlg0540.tlg014:,Lysias,Against Alcibiades 1
urn:cts:greekLit:tlg0540.tlg011:,Lysias,Against Theomnestus 2
urn:cts:greekLit:tlg0540.tlg012:,Lysias,Against Eratosthenes
urn:cts:greekLit:tlg0540.tlg017:,Lysias,On the Property of Eraton
urn:cts:greekLit:tlg0540.tlg018:,Lysias,On the Confiscation of the Property of the Brother of
,,Nicias
urn:cts:greekLit:tlg0540.tlg015:,Lysias,Against Alcibiades 2
urn:cts:greekLit:tlg0540.tlg034:,Lysias,Against the Subversion of the Ancestral Constitution of
,,Athens
urn:cts:greekLit:tlg0540.tlg016:,Lysias,For Mantitheus
urn:cts:greekLit:tlg0540.tlg033:,Lysias,Olympic Oration
urn:cts:greekLit:tlg0540.tlg032:,Lysias,Against Diogeiton
urn:cts:greekLit:tlg0540.tlg031:,Lysias,Against Philon
urn:cts:greekLit:tlg0540.tlg019:,Lysias,On the Property of Aristophanes
urn:cts:greekLit:tlg0540.tlg030:,Lysias,Against Nicomachus
urn:cts:latinLit:phi1212.phi002:,Apuleius,Metamorphoses
urn:cts:latinLit:phi1212.phi003:,Apuleius,Florida
urn:cts:latinLit:phi1212.phi001:,Apuleius,Apologia
urn:cts:greekLit:tlg0001.tlg001:,Apollonius Rhodius,Argonautica
urn:cts:greekLit:tlg0003.tlg001:,Thucydides,Histories
urn:cts:greekLit:tlg0638.tlg001:,Philostratus the Athenian,Life of Apollonius of Tyana
urn:cts:greekLit:tlg0638.tlg003:,Philostratus the Athenian,Lives of the Sophists
urn:cts:greekLit:tlg0638.tlg004:,Philostratus the Athenian,Heroicus
urn:cts:greekLit:tlg0638.tlg005:,Philostratus the Athenian,Nero
urn:cts:greekLit:tlg0638.tlg006:,Philostratus the Athenian,Epistulae et dialexeis
urn:cts:greekLit:tlg0638.tlg007:,Philostratus the Athenian,Gymnastica
urn:cts:greekLit:tlg0086.tlg010:,Aristotle,Nicomachean Ethics
urn:cts:greekLit:tlg0086.tlg038:,Aristotle,Rhetoric
urn:cts:greekLit:tlg0086.tlg029:,Aristotle,Economics
urn:cts:greekLit:tlg0086.tlg003:,Aristotle,Constitution of the Athenians
urn:cts:greekLit:tlg0086.tlg035:,Aristotle,Politics
urn:cts:greekLit:tlg0086.tlg034:,Aristotle,Poetics
urn:cts:greekLit:tlg0086.tlg025:,Aristotle,Metaphysics
urn:cts:greekLit:tlg0086.tlg045:,Aristotle,Virtues and Vices
urn:cts:greekLit:tlg0086.tlg009:,Aristotle,Eudemian Ethics
urn:cts:greekLit:tlg2934.tlg066:,John  of Damascus (attributed author),Vita Barlaam et Joasaph
urn:cts:greekLit:tlg0085.tlg001:,Aeschylus,Suppliant Maidens
urn:cts:greekLit:tlg0085.tlg002:,Aeschylus,Persians
urn:cts:greekLit:tlg0085.tlg003:,Aeschylus,Prometheus Bound
urn:cts:greekLit:tlg0085.tlg004:,Aeschylus,Seven Against Thebes
urn:cts:greekLit:tlg0085.tlg005:,Aeschylus,Agamemnon
urn:cts:greekLit:tlg0085.tlg006:,Aeschylus,Libation Bearers
urn:cts:greekLit:tlg0085.tlg007:,Aeschylus,Eumenides
urn:cts:greekLit:tlg0199.tlg001:,Bacchylides,Epinicians
urn:cts:greekLit:tlg0199.tlg002:,Bacchylides,Dithyrambs
urn:cts:latinLit:phi0588.abo017:,Cornelius Nepos,Agesilaus
urn:cts:latinLit:phi0588.abo016:,Cornelius Nepos,Pelopidas
urn:cts:latinLit:phi0588.abo015:,Cornelius Nepos,Epaminondas
urn:cts:latinLit:phi0588.abo014:,Cornelius Nepos,Datames
urn:cts:latinLit:phi0588.abo013:,Cornelius Nepos,Timotheus
urn:cts:latinLit:phi0588.abo012:,Cornelius Nepos,Chabrias
urn:cts:latinLit:phi0588.abo011:,Cornelius Nepos,Iphicrates
urn:cts:latinLit:phi0588.abo010:,Cornelius Nepos,Dion
urn:cts:latinLit:phi0588.abo018:,Cornelius Nepos,Eumenes
urn:cts:latinLit:phi0588.abo019:,Cornelius Nepos,Phocion
urn:cts:latinLit:phi0588.abo020:,Cornelius Nepos,Timoleon
urn:cts:latinLit:phi0588.abo001:,Cornelius Nepos,Miltiades
urn:cts:latinLit:phi0588.abo002:,Cornelius Nepos,Themistocles
urn:cts:latinLit:phi0588.abo003:,Cornelius Nepos,Aristides
urn:cts:latinLit:phi0588.abo004:,Cornelius Nepos,Pausanias
urn:cts:latinLit:phi0588.abo005:,Cornelius Nepos,Cimon
urn:cts:latinLit:phi0588.abo006:,Cornelius Nepos,Lysander
urn:cts:latinLit:phi0588.abo025:,Cornelius Nepos,Atticus
urn:cts:latinLit:phi0588.abo022:,Cornelius Nepos,Hamilcar
urn:cts:latinLit:phi0588.abo021:,Cornelius Nepos,Kings
urn:cts:latinLit:phi0588.abo024:,Cornelius Nepos,Cato
urn:cts:latinLit:phi0588.abo023:,Cornelius Nepos,Hannibal
urn:cts:latinLit:phi0588.abo008:,Cornelius Nepos,Thrasybulus
urn:cts:latinLit:phi0588.abo007:,Cornelius Nepos,Alcibiades
urn:cts:latinLit:phi0588.abo009:,Cornelius Nepos,Conon
urn:cts:latinLit:phi1318.phi001:,Pliny the Younger,Epistulae
urn:cts:latinLit:stoa0040.stoa0011:,Augustine,Epistualae
urn:cts:greekLit:tlg0005.tlg001:,Theocritus,Idylls
urn:cts:greekLit:tlg0005.tlg002:,Theocritus,Epigrams
urn:cts:latinLit:stoa0238.stoa001:,Prudentius,Liber Peristephanon
urn:cts:latinLit:stoa0238.stoa004:,Prudentius,Cathemerina
urn:cts:latinLit:stoa0238.stoa005:,Prudentius,Apotheosis
urn:cts:latinLit:stoa0238.stoa002:,Prudentius,Psychomachia
urn:cts:latinLit:stoa0238.stoa003:,Prudentius,Praefetio
urn:cts:latinLit:stoa0238.stoa008:,Prudentius,Dittochaeon
urn:cts:latinLit:stoa0238.stoa009:,Prudentius,Epilogus
urn:cts:latinLit:stoa0238.stoa006:,Prudentius,Hamartigenia
urn:cts:latinLit:stoa0238.stoa007:,Prudentius,Contra Orationem Symmachia
urn:cts:greekLit:tlg0004.tlg001:,Diogenes Laertius,Vitae philosophorum
urn:cts:greekLit:tlg0548.tlg001:,Apollodorus,Library
urn:cts:greekLit:tlg0548.tlg002:,Apollodorus,Epitome
urn:cts:greekLit:tlg0007.tlg072:,Plutarch,De capienda ex inimicis utilitate
urn:cts:greekLit:tlg0007.tlg071:,Plutarch,Quomodo quis suos in virtute sentiat profectus
urn:cts:greekLit:tlg0007.tlg070:,Plutarch,Quomodo adulator ab amico internoscatur
urn:cts:greekLit:tlg0007.tlg068:,Plutarch,Quomodo adolescens poetas audire debeat
urn:cts:greekLit:tlg0007.tlg069:,Plutarch,De recta ratione audiendi
urn:cts:greekLit:tlg0007.tlg066:,Plutarch,Otho
urn:cts:greekLit:tlg0007.tlg067:,Plutarch,De liberis educandis
urn:cts:greekLit:tlg0007.tlg064:,Plutarch,Artaxerxes
urn:cts:greekLit:tlg0007.tlg065:,Plutarch,Galba
urn:cts:greekLit:tlg0007.tlg062:,Plutarch,Comparison of Dion and Brutus
urn:cts:greekLit:tlg0007.tlg063:,Plutarch,Aratus
urn:cts:greekLit:tlg0007.tlg081:,Plutarch,Regum et imperatorum apophthegmata
urn:cts:greekLit:tlg0007.tlg080:,Plutarch,De superstitione
urn:cts:greekLit:tlg0007.tlg083:,Plutarch,Mulierum virtutes
urn:cts:greekLit:tlg0007.tlg082:,Plutarch,Apophthegmata Laconica
urn:cts:greekLit:tlg0007.tlg077:,Plutarch,De tuenda sanitate praecepta
urn:cts:greekLit:tlg0007.tlg078:,Plutarch,Conjugalia Praecepta
urn:cts:greekLit:tlg0007.tlg079:,Plutarch,Septem sapientium convivium
urn:cts:greekLit:tlg0007.tlg073:,Plutarch,De amicorum multitudine
urn:cts:greekLit:tlg0007.tlg074:,Plutarch,De fortuna
urn:cts:greekLit:tlg0007.tlg075:,Plutarch,De virtute et vitio
urn:cts:greekLit:tlg0007.tlg076:,Plutarch,Consolatio ad Apollonium
urn:cts:greekLit:tlg0007.tlg001:,Plutarch,Theseus
urn:cts:greekLit:tlg0007.tlg002:,Plutarch,Romulus
urn:cts:greekLit:tlg0007.tlg003:,Plutarch,Comparison of Theseus and Romulus
urn:cts:greekLit:tlg0007.tlg004:,Plutarch,Lycurgus
urn:cts:greekLit:tlg0007.tlg090:,Plutarch,De E apud Delphos
urn:cts:greekLit:tlg0007.tlg005:,Plutarch,Numa
urn:cts:greekLit:tlg0007.tlg006:,Plutarch,Comparison of Lycurgus and Numa
urn:cts:greekLit:tlg0007.tlg007:,Plutarch,Solon
urn:cts:greekLit:tlg0007.tlg084a:,Plutarch,Quaestiones Romanae
urn:cts:greekLit:tlg0007.tlg008:,Plutarch,Publicola
urn:cts:greekLit:tlg0007.tlg094:,Plutarch,De virtute morali
urn:cts:greekLit:tlg0007.tlg093:,Plutarch,An virtus doceri possit
urn:cts:greekLit:tlg0007.tlg009:,Plutarch,Comparison of Solon and Publicola
urn:cts:greekLit:tlg0007.tlg092:,Plutarch,De defectu oraculorum
urn:cts:greekLit:tlg0007.tlg084b:,Plutarch,Quaestiones Graecae
urn:cts:greekLit:tlg0007.tlg091:,Plutarch,De Pythiae oraculis
urn:cts:greekLit:tlg0007.tlg086:,Plutarch,De fortuna Romanorum
urn:cts:greekLit:tlg0007.tlg087:,Plutarch,De Alexandri magni fortuna aut virtute
urn:cts:greekLit:tlg0007.tlg085:,Plutarch,Parallela minora
urn:cts:greekLit:tlg0007.tlg088:,Plutarch,De gloria Atheniensium
urn:cts:greekLit:tlg0007.tlg089:,Plutarch,De Iside et Osiride
urn:cts:greekLit:tlg0007.tlg010:,Plutarch,Themistocles
urn:cts:greekLit:tlg0007.tlg013:,Plutarch,Fabius Maximus
urn:cts:greekLit:tlg0007.tlg014:,Plutarch,Comparison of Pericles and Fabius Maximus
urn:cts:greekLit:tlg0007.tlg011:,Plutarch,Camillus
urn:cts:greekLit:tlg0007.tlg012:,Plutarch,Pericles
urn:cts:greekLit:tlg0007.tlg017:,Plutarch,Comparison of Alcibiades and Coriolanus
urn:cts:greekLit:tlg0007.tlg018:,Plutarch,Timoleon
urn:cts:greekLit:tlg0007.tlg015:,Plutarch,Alcibiades
urn:cts:greekLit:tlg0007.tlg016:,Plutarch,Caius Marcius Coriolanus
urn:cts:greekLit:tlg0007.tlg019:,Plutarch,Aemilius Paullus
urn:cts:greekLit:tlg0007.tlg095:,Plutarch,De cohibenda ira
urn:cts:greekLit:tlg0007.tlg096:,Plutarch,De tranquilitate animi
urn:cts:greekLit:tlg0007.tlg097:,Plutarch,De fraterno amore
urn:cts:greekLit:tlg0007.tlg098:,Plutarch,De amore prolis
urn:cts:greekLit:tlg0007.tlg099:,Plutarch,An vitiositas ad infelicitatem sufficia
urn:cts:greekLit:tlg0007.tlg140:,Plutarch,Adversus Colotem
urn:cts:greekLit:tlg0007.tlg141:,Plutarch,An Recte Dictum Sit Latenter Esse Vivendum
urn:cts:greekLit:tlg0007.tlg027:,Plutarch,Philopoemen
urn:cts:greekLit:tlg0007.tlg026:,Plutarch,Comparison of Aristides with Marcus Cato
urn:cts:greekLit:tlg0007.tlg029:,Plutarch,Comparison of Philopoemen and Titus
urn:cts:greekLit:tlg0007.tlg028:,Plutarch,Titus Flamininus
urn:cts:greekLit:tlg0007.tlg023:,Plutarch,Comparison of Pelopidas and Marcellus
urn:cts:greekLit:tlg0007.tlg022:,Plutarch,Marcellus
urn:cts:greekLit:tlg0007.tlg025:,Plutarch,Marcus Cato
urn:cts:greekLit:tlg0007.tlg024:,Plutarch,Aristeides
urn:cts:greekLit:tlg0007.tlg051b:,Plutarch,Cleomenes
urn:cts:greekLit:tlg0007.tlg021:,Plutarch,Pelopidas
urn:cts:greekLit:tlg0007.tlg051a:,Plutarch,Agis
urn:cts:greekLit:tlg0007.tlg020:,Plutarch,Comparison of Timoleon and Aemilius
urn:cts:greekLit:tlg0007.tlg139:,Plutarch,Non posse suaviter vivi secundum Epicurum
urn:cts:greekLit:tlg0007.tlg082a:,Plutarch,Instituta Laconica
urn:cts:greekLit:tlg0007.tlg138:,Plutarch,De communibus notitiis adversus Stoicos
urn:cts:greekLit:tlg0007.tlg137:,Plutarch,Compendium Argumenti Stoicos absurdiora poetis dicere
urn:cts:greekLit:tlg0007.tlg136:,Plutarch,De Stoicorum repugnantiis
urn:cts:greekLit:tlg0007.tlg082b:,Plutarch,Lacaenarum Apophthegmata
urn:cts:greekLit:tlg0007.tlg131:,Plutarch,De esu carnium I
urn:cts:greekLit:tlg0007.tlg130:,Plutarch,Bruta animalia ratione uti
urn:cts:greekLit:tlg0007.tlg135:,Plutarch,Epitome libri de animae procreatione in Timaeo
urn:cts:greekLit:tlg0007.tlg134:,Plutarch,De animae procreatione in Timaeo
urn:cts:greekLit:tlg0007.tlg133:,Plutarch,Platonicae quaestiones
urn:cts:greekLit:tlg0007.tlg132:,Plutarch,De esu carnium II
urn:cts:greekLit:tlg0007.tlg039:,Plutarch,Crassus
urn:cts:greekLit:tlg0007.tlg038:,Plutarch,Nicias
urn:cts:greekLit:tlg0007.tlg037:,Plutarch,Comparison of Lucullus and Cimon
urn:cts:greekLit:tlg0007.tlg036:,Plutarch,Lucullus
urn:cts:greekLit:tlg0007.tlg035:,Plutarch,Cimon
urn:cts:greekLit:tlg0007.tlg034:,Plutarch,Comparison of Lysander and Sulla
urn:cts:greekLit:tlg0007.tlg033:,Plutarch,Sulla
urn:cts:greekLit:tlg0007.tlg032:,Plutarch,Lysander
urn:cts:greekLit:tlg0007.tlg052b:,Plutarch,Gaius Gracchus
urn:cts:greekLit:tlg0007.tlg052a:,Plutarch,Tiberius Gracchus
urn:cts:greekLit:tlg0007.tlg031:,Plutarch,Caius Marius
urn:cts:greekLit:tlg0007.tlg030:,Plutarch,Pyrrhus
urn:cts:greekLit:tlg0007.tlg126:,Plutarch,De faciae quae in orbe lunae apparet
urn:cts:greekLit:tlg0007.tlg125:,Plutarch,Quaestiones Naturales
urn:cts:greekLit:tlg0007.tlg128:,Plutarch,Aquane an ignis sit utilior
urn:cts:greekLit:tlg0007.tlg127:,Plutarch,De primo frigido
urn:cts:greekLit:tlg0007.tlg129:,Plutarch,De sollertia animalium
urn:cts:greekLit:tlg0007.tlg120:,Plutarch,De vitando aere alieno
urn:cts:greekLit:tlg0007.tlg122:,Plutarch,Comparationis Aristophanis et Menandri compendium
urn:cts:greekLit:tlg0007.tlg121:,Plutarch,Vitae decem oratorum
urn:cts:greekLit:tlg0007.tlg123:,Plutarch,De Herodoti malignitate
urn:cts:greekLit:tlg0007.tlg049:,Plutarch,Phocion
urn:cts:greekLit:tlg0007.tlg048:,Plutarch,Caesar
urn:cts:greekLit:tlg0007.tlg041:,Plutarch,Eumenes
urn:cts:greekLit:tlg0007.tlg040:,Plutarch,Comparison of Nicias and Crassus
urn:cts:greekLit:tlg0007.tlg043:,Plutarch,Comparison of Sertorius and Eumenes
urn:cts:greekLit:tlg0007.tlg042:,Plutarch,Sertorius
urn:cts:greekLit:tlg0007.tlg045:,Plutarch,Pompey
urn:cts:greekLit:tlg0007.tlg044:,Plutarch,Agesilaus
urn:cts:greekLit:tlg0007.tlg047:,Plutarch,Alexander
urn:cts:greekLit:tlg0007.tlg046:,Plutarch,Comparison of Agesilaus and Pompey
urn:cts:greekLit:tlg0007.tlg119:,Plutarch,De unius in republica dominatione
urn:cts:greekLit:tlg0007.tlg118:,Plutarch,Praecepta gerendae reipublicae
urn:cts:greekLit:tlg0007.tlg117:,Plutarch,An seni respublica gerenda sit
urn:cts:greekLit:tlg0007.tlg116:,Plutarch,Ad principem ineruditum
urn:cts:greekLit:tlg0007.tlg115:,Plutarch,Maxime cum principbus philosopho esse diserendum
urn:cts:greekLit:tlg0007.tlg114:,Plutarch,Amatoriae narrationes
urn:cts:greekLit:tlg0007.tlg050:,Plutarch,Cato Minor
urn:cts:greekLit:tlg0007.tlg113:,Plutarch,Amatorius
urn:cts:greekLit:tlg0007.tlg112:,Plutarch,Quaestiones Convivales
urn:cts:greekLit:tlg0007.tlg111:,Plutarch,Consolatio ad uxorem
urn:cts:greekLit:tlg0007.tlg110:,Plutarch,De exilio
urn:cts:greekLit:tlg0007.tlg059:,Plutarch,Comparison of Demetrius and Antony
urn:cts:greekLit:tlg0007.tlg054:,Plutarch,Demosthenes
urn:cts:greekLit:tlg0007.tlg053:,Plutarch,Comparison of Agis and Cleomenes and the Gracchi
urn:cts:greekLit:tlg0007.tlg058:,Plutarch,Antonius
urn:cts:greekLit:tlg0007.tlg057:,Plutarch,Demetrius
urn:cts:greekLit:tlg0007.tlg056:,Plutarch,Comparison of Demosthenes with Cicero
urn:cts:greekLit:tlg0007.tlg055:,Plutarch,Cicero
urn:cts:greekLit:tlg0007.tlg108:,Plutarch,De fato
urn:cts:greekLit:tlg0007.tlg107:,Plutarch,De sera numinis vindicta
urn:cts:greekLit:tlg0007.tlg109:,Plutarch,De genio Socratis
urn:cts:greekLit:tlg0007.tlg104:,Plutarch,De vitioso pudore
urn:cts:greekLit:tlg0007.tlg060:,Plutarch,Dion
urn:cts:greekLit:tlg0007.tlg061:,Plutarch,Brutus
urn:cts:greekLit:tlg0007.tlg103:,Plutarch,De cupiditate divitiarum
urn:cts:greekLit:tlg0007.tlg106:,Plutarch,De Se Ipsum Citra Invidiam Laudando
urn:cts:greekLit:tlg0007.tlg105:,Plutarch,De invidia et odio
urn:cts:greekLit:tlg0007.tlg100:,Plutarch,Animine an corporis affectiones sint peiores
urn:cts:greekLit:tlg0007.tlg102:,Plutarch,De curiositate
urn:cts:greekLit:tlg0007.tlg101:,Plutarch,De garrulitate
urn:cts:latinLit:stoa0045.stoa001:, Decimus Magnus Ausonius,Bissula
urn:cts:latinLit:stoa0045.stoa004:, Decimus Magnus Ausonius,Commemoratio Professorum Burdigalensium
urn:cts:latinLit:stoa0045.stoa005:, Decimus Magnus Ausonius,Cupido Cruciatus
urn:cts:latinLit:stoa0045.stoa002:, Decimus Magnus Ausonius,Caesares
urn:cts:latinLit:stoa0045.stoa003:, Decimus Magnus Ausonius,Cento Nuptialis
urn:cts:latinLit:stoa0045.stoa008:, Decimus Magnus Ausonius,Ephemeris
urn:cts:latinLit:stoa0045.stoa009:, Decimus Magnus Ausonius,Epicedion in Patrem
urn:cts:latinLit:stoa0045.stoa006:, Decimus Magnus Ausonius,De Herediolo
urn:cts:latinLit:stoa0045.stoa007:, Decimus Magnus Ausonius,Eclogarum Liber
urn:cts:latinLit:stoa0045.stoa010:, Decimus Magnus Ausonius,Epigrammaton Liber
urn:cts:latinLit:stoa0045.stoa011:, Decimus Magnus Ausonius,Epistulae
urn:cts:latinLit:stoa0045.stoa012:, Decimus Magnus Ausonius,Epitaphia
urn:cts:latinLit:stoa0045.stoa013:, Decimus Magnus Ausonius,Genethliacon ad Ausonium Nepotem
urn:cts:latinLit:stoa0045.stoa014:, Decimus Magnus Ausonius,Gratiarum Actio
urn:cts:latinLit:stoa0045.stoa015:, Decimus Magnus Ausonius,Griphus Ternarii Numeri
urn:cts:latinLit:stoa0045.stoa016:, Decimus Magnus Ausonius,Liber Protrepticus ad Nepotem
urn:cts:latinLit:stoa0045.stoa017:, Decimus Magnus Ausonius,[Libri de Fastis] Conclusio
urn:cts:latinLit:stoa0045.stoa018:, Decimus Magnus Ausonius,Ludus Septem Sapientum
urn:cts:latinLit:stoa0045.stoa019:, Decimus Magnus Ausonius,Mosella
urn:cts:latinLit:stoa0045.stoa025:, Decimus Magnus Ausonius,Praefatiunculae
urn:cts:latinLit:stoa0045.stoa027:, Decimus Magnus Ausonius,Versus Paschales Prosodic
urn:cts:latinLit:stoa0045.stoa026:, Decimus Magnus Ausonius,Precationes
urn:cts:latinLit:stoa0045.stoa028:, Decimus Magnus Ausonius,Technopaegnion
urn:cts:latinLit:stoa0045.stoa021:, Decimus Magnus Ausonius,Ordo Urbium Nobilium
urn:cts:latinLit:stoa0045.stoa020:, Decimus Magnus Ausonius,Oratio Versibus Rhopalicis
urn:cts:latinLit:stoa0045.stoa022:, Decimus Magnus Ausonius,Parentalia
urn:cts:greekLit:tlg0006.tlg010:,Euripides,Ion
urn:cts:greekLit:tlg0006.tlg013:,Euripides,Iphigeneia in Taurus
urn:cts:greekLit:tlg0006.tlg001:,Euripides,Cyclops
urn:cts:greekLit:tlg0006.tlg014:,Euripides,Helen
urn:cts:greekLit:tlg0006.tlg011:,Euripides,Trojan Women
urn:cts:greekLit:tlg0006.tlg002:,Euripides,Alcestis
urn:cts:greekLit:tlg0006.tlg003:,Euripides,Medea
urn:cts:greekLit:tlg0006.tlg012:,Euripides,Electra
urn:cts:greekLit:tlg0006.tlg017:,Euripides,Bacchae
urn:cts:greekLit:tlg0006.tlg004:,Euripides,Heraclidae
urn:cts:greekLit:tlg0006.tlg005:,Euripides,Hippolytus
urn:cts:greekLit:tlg0006.tlg018:,Euripides,Iphigeneia in Aulis
urn:cts:greekLit:tlg0006.tlg015:,Euripides,Phoenician Women
urn:cts:greekLit:tlg0006.tlg006:,Euripides,Andromache
urn:cts:greekLit:tlg0006.tlg016:,Euripides,Orestes
urn:cts:greekLit:tlg0006.tlg007:,Euripides,Hecuba
urn:cts:greekLit:tlg0006.tlg008:,Euripides,Suppliants
urn:cts:greekLit:tlg0006.tlg009:,Euripides,Heracles
urn:cts:greekLit:tlg0006.tlg019:,Euripides,Rhesus
urn:cts:greekLit:tlg0543.tlg001:,Polybius,Histories
urn:cts:latinLit:phi1014.phi004:,Seneca the Elder,Fragmenta
urn:cts:latinLit:phi1014.phi002:,Seneca the Elder,Excerpta Controversiae
urn:cts:latinLit:phi1014.phi003:,Seneca the Elder,Suasoriae
urn:cts:latinLit:phi1014.phi001:,Seneca the Elder,Controversiae
urn:cts:greekLit:tlg0008.tlg001:,Athenaeus,Deipnosophistae
urn:cts:latinLit:phi1017.phi008:,Seneca,Thyestes
urn:cts:latinLit:phi1017.phi009:,Seneca,Hercules Oetaeus
urn:cts:latinLit:phi1017.phi006:,Seneca,Oedipus
urn:cts:latinLit:phi1017.phi007:,Seneca,Agamemnon
urn:cts:latinLit:phi1017.phi013:,Seneca,de Beneficiis
urn:cts:latinLit:phi1017.phi004:,Seneca,Medea
urn:cts:latinLit:phi1017.phi014:,Seneca,de Clementia
urn:cts:latinLit:phi1017.phi005:,Seneca,Phaedra
urn:cts:latinLit:phi1017.phi002:,Seneca,Troades
urn:cts:latinLit:phi1017.phi015:,Seneca,Epistulae
urn:cts:latinLit:phi1017.phi003:,Seneca,Phoenissae
urn:cts:latinLit:phi1017.phi001:,Seneca,Hercules Furens
urn:cts:latinLit:phi1017.phi010:,Seneca,Octavia
urn:cts:latinLit:phi1017.phi011:,Seneca,Apocolocyntosis
urn:cts:greekLit:tlg0545.tlg001:,Aelian,De Natura Animalium
urn:cts:greekLit:tlg0545.tlg002:,Aelian,Varia Historia
urn:cts:greekLit:tlg0545.tlg003:,Aelian,Epistulae Rusticae
urn:cts:greekLit:tlg0081.tlg010:,Dionysius of Halicarnassus,De Thucydide
urn:cts:greekLit:tlg0081.tlg001:,Dionysius of Halicarnassus,Antiquitates Romanae
urn:cts:greekLit:tlg0081.tlg002:,Dionysius of Halicarnassus,De antiquis oratoribus
urn:cts:greekLit:tlg0081.tlg011:,Dionysius of Halicarnassus,De Thucydidis idiomatibus
urn:cts:greekLit:tlg0081.tlg003:,Dionysius of Halicarnassus,De Lysia
urn:cts:greekLit:tlg0081.tlg012:,Dionysius of Halicarnassus,De Compositione Verborum
urn:cts:greekLit:tlg0081.tlg004:,Dionysius of Halicarnassus,De Isocrate
urn:cts:greekLit:tlg0081.tlg005:,Dionysius of Halicarnassus,De Isaeo
urn:cts:greekLit:tlg0081.tlg006:,Dionysius of Halicarnassus,De Demosthene
urn:cts:greekLit:tlg0081.tlg015:,Dionysius of Halicarnassus,Epistula ad Pompeium Geminum
urn:cts:greekLit:tlg0081.tlg007:,Dionysius of Halicarnassus,De antiquis oratoribus reliquiae
urn:cts:greekLit:tlg0081.tlg008:,Dionysius of Halicarnassus,Ad Ammaeum
urn:cts:greekLit:tlg0081.tlg009:,Dionysius of Halicarnassus,De Dinarcho
urn:cts:latinLit:phi0959.phi008:,P. Ovidius Naso,Tristia
urn:cts:latinLit:phi0959.phi009:,P. Ovidius Naso,Ex Ponto
urn:cts:latinLit:phi0959.phi006:,P. Ovidius Naso,Metamorphoses
urn:cts:latinLit:phi0959.phi007:,P. Ovidius Naso,Fasti
urn:cts:latinLit:phi0959.phi004:,P. Ovidius Naso,Ars Amatoria
urn:cts:latinLit:phi0959.phi005:,P. Ovidius Naso,Remedia Amoris
urn:cts:latinLit:phi0959.phi002:,P. Ovidius Naso,Epistulae
urn:cts:latinLit:phi0959.phi003:,P. Ovidius Naso,Medicamina Faciei Femineae
urn:cts:latinLit:phi0959.phi010:,P. Ovidius Naso,Ibis
urn:cts:latinLit:phi0959.phi001:,P. Ovidius Naso,Amores
urn:cts:greekLit:tlg4029.tlg001:,Procopius,de Bellis
urn:cts:greekLit:tlg4029.tlg002:,Procopius,Historia Arcana (Anecdota)
urn:cts:latinLit:stoa0275.stoa027:,Tertullian,De Spectaculis
urn:cts:latinLit:stoa0275.stoa009:,Tertullian,Apologeticum
urn:cts:greekLit:tlg0551.tlg010:,Appian,Numidian Affairs
urn:cts:greekLit:tlg0551.tlg013:,Appian,Syrian Wars
urn:cts:greekLit:tlg0551.tlg001:,Appian,Preface
urn:cts:greekLit:tlg0551.tlg014:,Appian,Mithridatic Wars
urn:cts:greekLit:tlg0551.tlg002:,Appian,Kings
urn:cts:greekLit:tlg0551.tlg011:,Appian,Macedonian Affairs
urn:cts:greekLit:tlg0551.tlg012:,Appian,Illyrian Wars
urn:cts:greekLit:tlg0551.tlg003:,Appian,Italy
urn:cts:greekLit:tlg0551.tlg017:,Appian,Civil Wars
urn:cts:greekLit:tlg0551.tlg004:,Appian,Samnite History
urn:cts:greekLit:tlg0551.tlg005:,Appian,Gallic History
urn:cts:greekLit:tlg0551.tlg006:,Appian,Sicily and the Other Islands
urn:cts:greekLit:tlg0551.tlg007:,Appian,Wars in Spain
urn:cts:greekLit:tlg0551.tlg008:,Appian,Hannibalic War
urn:cts:greekLit:tlg0551.tlg009:,Appian,Punic Wars
urn:cts:greekLit:tlg1600.tlg001:,Philostratus the Lemnian (Philostratus Major),Imagines
urn:cts:greekLit:tlg1389.tlg001:,Valerius Harpocration ,Lexicon in decem oratores Atticos
urn:cts:greekLit:tlg0627.tlg010:,Hippocrates,De articulis
urn:cts:greekLit:tlg0627.tlg013:,Hippocrates,Jusjurandum
urn:cts:greekLit:tlg0627.tlg027:,Hippocrates,De morbo sacro
urn:cts:greekLit:tlg0627.tlg014:,Hippocrates,Lex
urn:cts:greekLit:tlg0627.tlg001:,Hippocrates,De prisca medicina
urn:cts:greekLit:tlg0627.tlg002:,Hippocrates,De aere aquis et locis
urn:cts:greekLit:tlg0627.tlg011:,Hippocrates,Vectiarius
urn:cts:greekLit:tlg0627.tlg029:,Hippocrates,De haemorrhoidibus
urn:cts:greekLit:tlg0627.tlg003:,Hippocrates,Prognosticon
urn:cts:greekLit:tlg0627.tlg028:,Hippocrates,De ulceribus
urn:cts:greekLit:tlg0627.tlg012:,Hippocrates,Aphorismi
urn:cts:greekLit:tlg0627.tlg004:,Hippocrates,De diaeta in morbis acutis
urn:cts:greekLit:tlg0627.tlg005:,Hippocrates,De diaeta acutorum
urn:cts:greekLit:tlg0627.tlg006:,Hippocrates,De morbis popularibus
urn:cts:greekLit:tlg0627.tlg051:,Hippocrates,Praeceptiones
urn:cts:greekLit:tlg0627.tlg007:,Hippocrates,De capitis vulneribus
urn:cts:greekLit:tlg0627.tlg008:,Hippocrates,De officina medici
urn:cts:greekLit:tlg0627.tlg009:,Hippocrates,De fracturis
urn:cts:greekLit:tlg0627.tlg030:,Hippocrates,De fistulis
urn:cts:greekLit:tlg0627.tlg046:,Hippocrates,De alimento
urn:cts:greekLit:tlg0059.tlg027:,Plato,Ion
urn:cts:greekLit:tlg0059.tlg001:,Plato,Euthyphro
urn:cts:greekLit:tlg0059.tlg026:,Plato,Lesser Hippias
urn:cts:greekLit:tlg0059.tlg029:,Plato,Cleitophon
urn:cts:greekLit:tlg0059.tlg002:,Plato,Apology
urn:cts:greekLit:tlg0059.tlg028:,Plato,Menexenus
urn:cts:greekLit:tlg0059.tlg003:,Plato,Crito
urn:cts:greekLit:tlg0059.tlg023:,Plato,Gorgias
urn:cts:greekLit:tlg0059.tlg004:,Plato,Phaedo
urn:cts:greekLit:tlg0059.tlg005:,Plato,Cratylus
urn:cts:greekLit:tlg0059.tlg022:,Plato,Protagoras
urn:cts:greekLit:tlg0059.tlg025:,Plato,Greater Hippias
urn:cts:greekLit:tlg0059.tlg006:,Plato,Theaetetus
urn:cts:greekLit:tlg0059.tlg007:,Plato,Sophist
urn:cts:greekLit:tlg0059.tlg024:,Plato,Meno
urn:cts:greekLit:tlg0059.tlg008:,Plato,Statesman
urn:cts:greekLit:tlg0059.tlg009:,Plato,Parmenides
urn:cts:greekLit:tlg0059.tlg021:,Plato,Euthydemus
urn:cts:greekLit:tlg0059.tlg020:,Plato,Lysis
urn:cts:greekLit:tlg0059.tlg010:,Plato,Philebus
urn:cts:greekLit:tlg0059.tlg013:,Plato,Alcibiades 1
urn:cts:greekLit:tlg0059.tlg014:,Plato,Alcibiades 2
urn:cts:greekLit:tlg0059.tlg011:,Plato,Symposium
urn:cts:greekLit:tlg0059.tlg012:,Plato,Phaedrus
urn:cts:greekLit:tlg0059.tlg036:,Plato,Letters
urn:cts:greekLit:tlg0059.tlg017:,Plato,Theages
urn:cts:greekLit:tlg0059.tlg018:,Plato,Charmides
urn:cts:greekLit:tlg0059.tlg035:,Plato,Epinomis
urn:cts:greekLit:tlg0059.tlg034:,Plato,Laws
urn:cts:greekLit:tlg0059.tlg015:,Plato,Hipparchus
urn:cts:greekLit:tlg0059.tlg016:,Plato,Lovers
urn:cts:greekLit:tlg0059.tlg033:,Plato,Minos
urn:cts:greekLit:tlg0059.tlg032:,Plato,Critias
urn:cts:greekLit:tlg0059.tlg031:,Plato,Timaeus
urn:cts:greekLit:tlg0059.tlg030:,Plato,Republic
urn:cts:greekLit:tlg0059.tlg019:,Plato,Laches
urn:cts:latinLit:phi1276.phi001:,Juvenal,Satires
urn:cts:latinLit:phi0845.phi002:,Lucius Junius Moderatus Columella ,Res Rustica
urn:cts:greekLit:tlg2040.tlg002:,Basil of Caesarea,De legendis gentilium libris
urn:cts:greekLit:tlg2040.tlg004:,Basil of Caesarea,Epistulae
urn:cts:greekLit:tlg0057.tlg010:,Galen,De naturalibus facultatibus
urn:cts:greekLit:tlg0058.tlg001:,Aeneas Tacticus,Poliorcetica
urn:cts:latinLit:phi0690.phi002:,P. Vergilius Maro,Georgics
urn:cts:latinLit:phi0690.phi003:,P. Vergilius Maro,Aeneid
urn:cts:latinLit:phi0690.phi001:,P. Vergilius Maro,Eclogues
urn:cts:latinLit:phi0893.phi006:,Q. Horatius Flaccus (Horace),Ars Poetica
urn:cts:latinLit:phi0893.phi004:,Q. Horatius Flaccus (Horace),Satires
urn:cts:latinLit:phi0893.phi005:,Q. Horatius Flaccus (Horace),Epistulae
urn:cts:latinLit:phi0893.phi002:,Q. Horatius Flaccus (Horace),Carmen Saeculare
urn:cts:latinLit:phi0893.phi003:,Q. Horatius Flaccus (Horace),Epodes
urn:cts:latinLit:phi0893.phi001:,Q. Horatius Flaccus (Horace),Odes
urn:cts:greekLit:tlg0556.tlg001:,Asclepiodotus,Tactica
urn:cts:greekLit:tlg0557.tlg001:,Epictetus,Discourses
urn:cts:greekLit:tlg0557.tlg002:,Epictetus,Enchiridion
urn:cts:greekLit:tlg0557.tlg003:,Epictetus,Fragments
urn:cts:greekLit:tlg0554.tlg001:,Chariton,De Chaerea et Callirhoe
urn:cts:greekLit:tlg2046.tlg001:,Quintus Smyrnaeus,Fall of Troy
urn:cts:greekLit:tlg0555.tlg001:,Clement of Alexandria,Protrepticus
urn:cts:greekLit:tlg0555.tlg006:,Clement of Alexandria,Quis Dis Salvetur
urn:cts:greekLit:tlg0555.tlg008:,Clement of Alexandria,Exhortation to Endurance  or to the Newly Baptized
urn:cts:greekLit:tlg2045.tlg001:,Nonnus of Panopolis,Dionysiaca
urn:cts:greekLit:tlg0385.tlg001:,Cassius Dio Cocceianus,Historia Romana
urn:cts:greekLit:tlg0560.tlg001:,Longinus,De Sublimitate
urn:cts:greekLit:tlg0562.tlg001:,Marcus Aurelius,M. Antonius Imperator Ad Se Ipsum
urn:cts:greekLit:tlg0561.tlg001:,Longus,Daphnis &amp; Chloe
urn:cts:latinLit:phi0972.phi001f:,Petronius,Fragments
urn:cts:latinLit:phi0972.phi001p:,Petronius,Poems
urn:cts:latinLit:phi0972.phi001:,Petronius,Satyricon
urn:cts:latinLit:stoa0261.stoa0001:,Sidonius Apollinaris,Carmina
urn:cts:latinLit:stoa0261.stoa0002:,Sidonius Apollinaris,Epistulae
urn:cts:greekLit:tlg0613.tlg001:,Demetrius of Phaleron (attributed author),Libro de Elocutione
urn:cts:greekLit:tlg1216.tlg001:,Barnabas,Barnabae Epistula
urn:cts:greekLit:tlg0612.tlg001:,Dio Chrysostom,Orationes
urn:cts:latinLit:phi0620.phi001:,Sextus Propertius,Elegies
urn:cts:latinLit:phi0119.phi017:,T. Maccius Plautus,Rudens
urn:cts:latinLit:phi0119.phi008:,T. Maccius Plautus,Curculio
urn:cts:latinLit:phi0119.phi018:,T. Maccius Plautus,Stichus
urn:cts:latinLit:phi0119.phi009:,T. Maccius Plautus,Epidicus
urn:cts:latinLit:phi0119.phi019:,T. Maccius Plautus,Trinummus
urn:cts:latinLit:phi0119.phi006:,T. Maccius Plautus,Casina
urn:cts:latinLit:phi0119.phi007:,T. Maccius Plautus,Cistellaria
urn:cts:latinLit:phi0119.phi004:,T. Maccius Plautus,Bacchides
urn:cts:latinLit:phi0119.phi013:,T. Maccius Plautus,Mostellaria
urn:cts:latinLit:phi0119.phi014:,T. Maccius Plautus,Persa
urn:cts:latinLit:phi0119.phi005:,T. Maccius Plautus,Captivi
urn:cts:latinLit:phi0119.phi015:,T. Maccius Plautus,Poenulus
urn:cts:latinLit:phi0119.phi002:,T. Maccius Plautus,Asinaria
urn:cts:latinLit:phi0119.phi016:,T. Maccius Plautus,Pseudolus
urn:cts:latinLit:phi0119.phi003:,T. Maccius Plautus,Aulularia
urn:cts:latinLit:phi0119.phi001:,T. Maccius Plautus,Amphitruo
urn:cts:latinLit:phi0119.phi010:,T. Maccius Plautus,Menaechmi
urn:cts:latinLit:phi0119.phi011:,T. Maccius Plautus,Mercator
urn:cts:latinLit:phi0119.phi012:,T. Maccius Plautus,Miles Gloriosus
urn:cts:latinLit:phi0119.phi020:,T. Maccius Plautus,Truculentus
urn:cts:latinLit:phi0836.phi002:,Celsus,De Medicina
urn:cts:greekLit:tlg0062.tlg027:,Lucian,De sacrificiis
urn:cts:greekLit:tlg0062.tlg026:,Lucian,Bis accusatus sive tribunalia
urn:cts:greekLit:tlg0062.tlg029:,Lucian,Somnium sive vita Luciani
urn:cts:greekLit:tlg0062.tlg028:,Lucian,Adversus indoctum et libros multos ementem
urn:cts:greekLit:tlg0062.tlg023:,Lucian,Contemplantes
urn:cts:greekLit:tlg0062.tlg022:,Lucian,Timon
urn:cts:greekLit:tlg0062.tlg071:,Lucian,Podagra
urn:cts:greekLit:tlg0062.tlg070:,Lucian,Soleocista
urn:cts:greekLit:tlg0062.tlg025:,Lucian,Piscator
urn:cts:greekLit:tlg0062.tlg024:,Lucian,Vitarum auctio
urn:cts:greekLit:tlg0062.tlg021:,Lucian,Icaromenippus
urn:cts:greekLit:tlg0062.tlg020:,Lucian,Prometheus
urn:cts:greekLit:tlg0062.tlg068:,Lucian,Dialogi deorum
urn:cts:greekLit:tlg0062.tlg069:,Lucian,Dialogi meretricii
urn:cts:greekLit:tlg0062.tlg066:,Lucian,Dialogi mortuorum
urn:cts:greekLit:tlg0062.tlg067:,Lucian,Dialogi Marini
urn:cts:greekLit:tlg0062.tlg064:,Lucian,Prometheus es in verbis
urn:cts:greekLit:tlg0062.tlg065:,Lucian,Navigium
urn:cts:greekLit:tlg0062.tlg062:,Lucian,Scytha
urn:cts:greekLit:tlg0062.tlg063:,Lucian,Hermotimus
urn:cts:greekLit:tlg0062.tlg039:,Lucian,Imagines
urn:cts:greekLit:tlg0062.tlg038:,Lucian,Alexander
urn:cts:greekLit:tlg0062.tlg037:,Lucian,Rhetorum praeceptor
urn:cts:greekLit:tlg0062.tlg036:,Lucian,De luctu
urn:cts:greekLit:tlg0062.tlg035:,Lucian,Necyomantia
urn:cts:greekLit:tlg0062.tlg034:,Lucian,Anacharsis
urn:cts:greekLit:tlg0062.tlg033:,Lucian,De mercede
urn:cts:greekLit:tlg0062.tlg032:,Lucian,Dearum judicium
urn:cts:greekLit:tlg0062.tlg031:,Lucian,Philopsuedes sive incredulus
urn:cts:greekLit:tlg0062.tlg030:,Lucian,De parasito sive artem esse parasiticam
urn:cts:greekLit:tlg0062.tlg049:,Lucian,Pseudologista
urn:cts:greekLit:tlg0062.tlg048:,Lucian,De astrologia
urn:cts:greekLit:tlg0062.tlg001:,Lucian,Phalaris
urn:cts:greekLit:tlg0062.tlg002:,Lucian,Hippias
urn:cts:greekLit:tlg0062.tlg003:,Lucian,Bacchus
urn:cts:greekLit:tlg0062.tlg041:,Lucian,De Syria dea
urn:cts:greekLit:tlg0062.tlg004:,Lucian,Hercules
urn:cts:greekLit:tlg0062.tlg040:,Lucian,Pro imaginibus
urn:cts:greekLit:tlg0062.tlg005:,Lucian,Electrum
urn:cts:greekLit:tlg0062.tlg043:,Lucian,Fugitivi
urn:cts:greekLit:tlg0062.tlg006:,Lucian,Muscae Encomium
urn:cts:greekLit:tlg0062.tlg042:,Lucian,De morte Peregrini
urn:cts:greekLit:tlg0062.tlg007:,Lucian,Nigrinus
urn:cts:greekLit:tlg0062.tlg008:,Lucian,Demonax
urn:cts:greekLit:tlg0062.tlg045:,Lucian,De saltatione
urn:cts:greekLit:tlg0062.tlg044:,Lucian,Toxaris vel amicitia
urn:cts:greekLit:tlg0062.tlg009:,Lucian,De Domo
urn:cts:greekLit:tlg0062.tlg047:,Lucian,Eunuchus
urn:cts:greekLit:tlg0062.tlg046:,Lucian,Lexiphanes
urn:cts:greekLit:tlg0062.tlg050:,Lucian,Deorum concilium
urn:cts:greekLit:tlg0062.tlg010:,Lucian,Patriae encomium
urn:cts:greekLit:tlg0062.tlg059:,Lucian,Apologia
urn:cts:greekLit:tlg0062.tlg013:,Lucian,Calumniae non temere credundum
urn:cts:greekLit:tlg0062.tlg014:,Lucian,Judicium vocalium
urn:cts:greekLit:tlg0062.tlg011:,Lucian,Macrobii
urn:cts:greekLit:tlg0062.tlg012:,Lucian,Verae Historiae
urn:cts:greekLit:tlg0062.tlg054:,Lucian,Dipsades
urn:cts:greekLit:tlg0062.tlg017:,Lucian,Juppiter confuatus
urn:cts:greekLit:tlg0062.tlg053:,Lucian,Quomodo historia conscribenda sit
urn:cts:greekLit:tlg0062.tlg018:,Lucian,Juppiter trageodeus
urn:cts:greekLit:tlg0062.tlg015:,Lucian,Symposium
urn:cts:greekLit:tlg0062.tlg052:,Lucian,Abdicatus
urn:cts:greekLit:tlg0062.tlg051:,Lucian,Tyrannicida
urn:cts:greekLit:tlg0062.tlg016:,Lucian,Cataplus
urn:cts:greekLit:tlg0062.tlg058:,Lucian,Pro lapsu inter salutandum
urn:cts:greekLit:tlg0062.tlg057:,Lucian,Zeuxis
urn:cts:greekLit:tlg0062.tlg019:,Lucian,Gallus
urn:cts:greekLit:tlg0062.tlg056:,Lucian,Herodotus
urn:cts:greekLit:tlg0062.tlg055:,Lucian,Saturnalia
urn:cts:greekLit:tlg0062.tlg060:,Lucian,Harmonides
urn:cts:greekLit:tlg0062.tlg061:,Lucian,Hesiod
urn:cts:greekLit:tlg0060.tlg001:,Diodorus Siculus,Historical Library
urn:cts:latinLit:phi0975.phi001:,Phaedrus,Fables
urn:cts:latinLit:phi0978.phi001:,Pliny the Elder,Naturalis Historia
urn:cts:greekLit:tlg4091.tlg001:,Callistratus,Descriptiones
urn:cts:latinLit:stoa0162.stoa004:,Jerome,Epistulae
