urn:cts:latinLit:phi0893.phi003:1.1	Ibis Liburnis inter alta navium,
urn:cts:latinLit:phi0893.phi003:1.2	amice, propugnacula,
urn:cts:latinLit:phi0893.phi003:1.3	paratus omne Caesaris periculum
urn:cts:latinLit:phi0893.phi003:1.4	subire, Maecenas, tuo:
urn:cts:latinLit:phi0893.phi003:1.5	quid nos, quibus te vita sit superstite
urn:cts:latinLit:phi0893.phi003:1.6	iucunda, si contra, gravis?
urn:cts:latinLit:phi0893.phi003:1.7	utrumne iussi persequemur otium
urn:cts:latinLit:phi0893.phi003:1.8	non dulce, ni tecum simul,
urn:cts:latinLit:phi0893.phi003:1.9	an hunc laborem mente laturi, decet
urn:cts:latinLit:phi0893.phi003:1.10	qua ferre non mollis viros?
urn:cts:latinLit:phi0893.phi003:1.11	feremus et te vel per Alpium iuga
urn:cts:latinLit:phi0893.phi003:1.12	inhospitalem et Caucasum
urn:cts:latinLit:phi0893.phi003:1.13	vel occidentis usque ad ultimum sinum
urn:cts:latinLit:phi0893.phi003:1.14	forti sequemur pectore.
urn:cts:latinLit:phi0893.phi003:1.15	roges, tuom labore quid iuvem meo,
urn:cts:latinLit:phi0893.phi003:1.16	inbellis ac firmus parum?
urn:cts:latinLit:phi0893.phi003:1.17	comes minore sum futurus in metu,
urn:cts:latinLit:phi0893.phi003:1.18	qui maior absentis habet:
urn:cts:latinLit:phi0893.phi003:1.19	ut adsidens inplumibus pullis avis
urn:cts:latinLit:phi0893.phi003:1.20	serpentium adlapsus timet
urn:cts:latinLit:phi0893.phi003:1.21	magis relictis, non, ut adsit, auxili
urn:cts:latinLit:phi0893.phi003:1.22	latura plus praesentibus.
urn:cts:latinLit:phi0893.phi003:1.23	libenter hoc et omne militabitur
urn:cts:latinLit:phi0893.phi003:1.24	bellum in tuae spem gratiae,
urn:cts:latinLit:phi0893.phi003:1.25	non ut iuvencis inligata pluribus
urn:cts:latinLit:phi0893.phi003:1.26	aratra nitantur meis
urn:cts:latinLit:phi0893.phi003:1.27	pecusve Calabris ante Sidus fervidum
urn:cts:latinLit:phi0893.phi003:1.28	Lucana mutet pascuis
urn:cts:latinLit:phi0893.phi003:1.29	neque ut superni villa candens Tusculi
urn:cts:latinLit:phi0893.phi003:1.30	Circaea tangat moenia:
urn:cts:latinLit:phi0893.phi003:1.31	satis superque me benignitas tua
urn:cts:latinLit:phi0893.phi003:1.32	ditavit, haud paravero
urn:cts:latinLit:phi0893.phi003:1.33	quod aut avarus ut Chremes terra premam,
urn:cts:latinLit:phi0893.phi003:1.34	discinctus aut perdam nepos.

urn:cts:latinLit:phi0893.phi003:2.1	"Beatus ille qui procul negotiis,
urn:cts:latinLit:phi0893.phi003:2.2	ut prisca gens mortalium,
urn:cts:latinLit:phi0893.phi003:2.3	paterna rura bubus exercet suis
urn:cts:latinLit:phi0893.phi003:2.4	solutus omni faenore
urn:cts:latinLit:phi0893.phi003:2.5	neque excitatur classico miles truci
urn:cts:latinLit:phi0893.phi003:2.6	neque horret iratum mare
urn:cts:latinLit:phi0893.phi003:2.7	forumque vitat et superba civium
urn:cts:latinLit:phi0893.phi003:2.8	potentiorum limina.
urn:cts:latinLit:phi0893.phi003:2.9	ergo aut adulta vitium propagine
urn:cts:latinLit:phi0893.phi003:2.10	altas maritat populos
urn:cts:latinLit:phi0893.phi003:2.11	aut in reducta valle mugientium
urn:cts:latinLit:phi0893.phi003:2.12	prospectat errantis greges
urn:cts:latinLit:phi0893.phi003:2.13	inutilisque falce ramos amputans
urn:cts:latinLit:phi0893.phi003:2.14	feliciores inserit
urn:cts:latinLit:phi0893.phi003:2.15	aut pressa puris mella condit amphoris
urn:cts:latinLit:phi0893.phi003:2.16	aut tondet infirmas ovis.
urn:cts:latinLit:phi0893.phi003:2.17	vel cum decorum mitibus pomis caput
urn:cts:latinLit:phi0893.phi003:2.18	Autumnus agris extulit,
urn:cts:latinLit:phi0893.phi003:2.19	ut gaudet insitiva decerpens pira
urn:cts:latinLit:phi0893.phi003:2.20	certantem et uvam purpurae,
urn:cts:latinLit:phi0893.phi003:2.21	qua muneretur te, Priape, et te, pater
urn:cts:latinLit:phi0893.phi003:2.22	Silvane, tutor finium.
urn:cts:latinLit:phi0893.phi003:2.23	libet iacere modo sub antiqua ilice,
urn:cts:latinLit:phi0893.phi003:2.24	modo in tenaci gramine:
urn:cts:latinLit:phi0893.phi003:2.25	labuntur altis interim ripis aquae,
urn:cts:latinLit:phi0893.phi003:2.26	queruntur in Silvis aves
urn:cts:latinLit:phi0893.phi003:2.27	frondesque lymphis obstrepunt manantibus,
urn:cts:latinLit:phi0893.phi003:2.28	somnos quod invitet levis.
urn:cts:latinLit:phi0893.phi003:2.29	at cum tonantis annus hibernus Iovis
urn:cts:latinLit:phi0893.phi003:2.30	imbris nivisque conparat,
urn:cts:latinLit:phi0893.phi003:2.31	aut trudit acris hinc et hinc multa cane
urn:cts:latinLit:phi0893.phi003:2.32	apros in obstantis plagas
urn:cts:latinLit:phi0893.phi003:2.33	aut amite levi rara tendit retia
urn:cts:latinLit:phi0893.phi003:2.34	turdis edacibus dolos
urn:cts:latinLit:phi0893.phi003:2.35	pavidumque leporem et advenam laqueo gruem
urn:cts:latinLit:phi0893.phi003:2.36	iucunda captat praemia.
urn:cts:latinLit:phi0893.phi003:2.37	quis non malarum quas amor curas habet
urn:cts:latinLit:phi0893.phi003:2.38	haec inter obliviscitur?
urn:cts:latinLit:phi0893.phi003:2.39	quodsi pudica mulier in partem iuvet
urn:cts:latinLit:phi0893.phi003:2.40	domum atque dulcis liberos,
urn:cts:latinLit:phi0893.phi003:2.41	Sabina qualis aut perusta Solibus
urn:cts:latinLit:phi0893.phi003:2.42	pernicis uxor Apuli,
urn:cts:latinLit:phi0893.phi003:2.43	sacrum vetustis exstruat lignis focum
urn:cts:latinLit:phi0893.phi003:2.44	lassi Sub adventum viri
urn:cts:latinLit:phi0893.phi003:2.45	claudensque textis cratibus laetum pecus
urn:cts:latinLit:phi0893.phi003:2.46	distenta siccet ubera
urn:cts:latinLit:phi0893.phi003:2.47	et horna dulci vina promens dolio
urn:cts:latinLit:phi0893.phi003:2.48	dapes inemptas adparet:
urn:cts:latinLit:phi0893.phi003:2.49	non me Lucrina iuverint conchylia
urn:cts:latinLit:phi0893.phi003:2.50	magisve rhombus aut scari,
urn:cts:latinLit:phi0893.phi003:2.51	siquos Eois intonata fluctibus
urn:cts:latinLit:phi0893.phi003:2.52	hiems ad hoc vertat mare,
urn:cts:latinLit:phi0893.phi003:2.53	non Afra avis descendat in ventrem meum,
urn:cts:latinLit:phi0893.phi003:2.54	non attagen Ionicus
urn:cts:latinLit:phi0893.phi003:2.55	iucundior quam lecta de pinguissimis
urn:cts:latinLit:phi0893.phi003:2.56	oliva ramis arborum
urn:cts:latinLit:phi0893.phi003:2.57	aut herba lapathi prata amantis et gravi
urn:cts:latinLit:phi0893.phi003:2.58	malvae salubres corpori
urn:cts:latinLit:phi0893.phi003:2.59	vel agna festis caesa Terminalibus
urn:cts:latinLit:phi0893.phi003:2.60	vel haedus ereptus lupo.
urn:cts:latinLit:phi0893.phi003:2.61	has inter epulas ut iuvat pastas ovis
urn:cts:latinLit:phi0893.phi003:2.62	videre properantis domum,
urn:cts:latinLit:phi0893.phi003:2.63	videre fessos vomerem inversum boves
urn:cts:latinLit:phi0893.phi003:2.64	collo trahentis languido
urn:cts:latinLit:phi0893.phi003:2.65	positosque vernas, ditis examen domus,
urn:cts:latinLit:phi0893.phi003:2.66	circum renidentis Laris."
urn:cts:latinLit:phi0893.phi003:2.67	haec ubi locutus faenerator Alfius,
urn:cts:latinLit:phi0893.phi003:2.68	iam iam futurus rusticus,
urn:cts:latinLit:phi0893.phi003:2.69	omnem redegit idibus pecuniam,
urn:cts:latinLit:phi0893.phi003:2.70	quaerit kalendis ponere.

urn:cts:latinLit:phi0893.phi003:3.1	Parentis olim siquis inpia manu
urn:cts:latinLit:phi0893.phi003:3.2	senile guttur fregerit,
urn:cts:latinLit:phi0893.phi003:3.3	edit cicutis alium nocentius.
urn:cts:latinLit:phi0893.phi003:3.4	o dura messorum ilia.
urn:cts:latinLit:phi0893.phi003:3.5	quid hoc veneni saevit in praecordiis?
urn:cts:latinLit:phi0893.phi003:3.6	num viperinus his cruor
urn:cts:latinLit:phi0893.phi003:3.7	incoctus herbis me fefellit? an malas
urn:cts:latinLit:phi0893.phi003:3.8	Canidia tractavit dapes?
urn:cts:latinLit:phi0893.phi003:3.9	ut Argonautas praeter omnis candidum
urn:cts:latinLit:phi0893.phi003:3.10	Medea mirata est ducem,
urn:cts:latinLit:phi0893.phi003:3.11	ignota tauris inligaturum iuga
urn:cts:latinLit:phi0893.phi003:3.12	perunxit hoc Iasonem,
urn:cts:latinLit:phi0893.phi003:3.13	hoc delibutis ulta donis paelicem
urn:cts:latinLit:phi0893.phi003:3.14	serpente fugit alite.
urn:cts:latinLit:phi0893.phi003:3.15	nec tantus umquam Siderum insedit vapor
urn:cts:latinLit:phi0893.phi003:3.16	siticulosae Apuliae
urn:cts:latinLit:phi0893.phi003:3.17	nec munus umeris efficacis Herculis
urn:cts:latinLit:phi0893.phi003:3.18	inarsit aestuosius.
urn:cts:latinLit:phi0893.phi003:3.19	at siquid umquam tale concupiveris,
urn:cts:latinLit:phi0893.phi003:3.20	iocose Maecenas, precor,
urn:cts:latinLit:phi0893.phi003:3.21	manum puella savio opponat tuo,
urn:cts:latinLit:phi0893.phi003:3.22	extrema et in sponda cubet.

urn:cts:latinLit:phi0893.phi003:4.1	Lupis et agnis quanta Sortito obtigit,
urn:cts:latinLit:phi0893.phi003:4.2	tecum mihi discordia est,
urn:cts:latinLit:phi0893.phi003:4.3	Hibericis peruste funibus latus
urn:cts:latinLit:phi0893.phi003:4.4	et crura dura compede.
urn:cts:latinLit:phi0893.phi003:4.5	licet superbus ambules pecunia,
urn:cts:latinLit:phi0893.phi003:4.6	fortuna non mutat genus.
urn:cts:latinLit:phi0893.phi003:4.7	videsne, sacram metiente te viam
urn:cts:latinLit:phi0893.phi003:4.8	cum bis trium ulnarum toga,
urn:cts:latinLit:phi0893.phi003:4.9	ut ora vertat huc et huc euntium
urn:cts:latinLit:phi0893.phi003:4.10	liberrima indignatio?
urn:cts:latinLit:phi0893.phi003:4.11	"sectus flagellis hic triumviralibus
urn:cts:latinLit:phi0893.phi003:4.12	praeconis ad fastidium
urn:cts:latinLit:phi0893.phi003:4.13	arat Falerni mille fundi iugera
urn:cts:latinLit:phi0893.phi003:4.14	et Appiam mannis terit
urn:cts:latinLit:phi0893.phi003:4.15	sedilibusque magnus in primis eques
urn:cts:latinLit:phi0893.phi003:4.16	Othone contempto sedet.
urn:cts:latinLit:phi0893.phi003:4.17	quid attinet tot ora navium gravi
urn:cts:latinLit:phi0893.phi003:4.18	rostrata duci pondere
urn:cts:latinLit:phi0893.phi003:4.19	contra latrones atque servilem manum
urn:cts:latinLit:phi0893.phi003:4.20	hoc, hoc tribuno militum?"

urn:cts:latinLit:phi0893.phi003:5.1	"At o deorum quidquid in caelo regit
urn:cts:latinLit:phi0893.phi003:5.2	terras et humanum genus,
urn:cts:latinLit:phi0893.phi003:5.3	quid iste fert tumultus aut quid omnium
urn:cts:latinLit:phi0893.phi003:5.4	voltus in unum me truces?
urn:cts:latinLit:phi0893.phi003:5.5	per liberos te, si vocata partubus
urn:cts:latinLit:phi0893.phi003:5.6	Lucina veris adfuit,
urn:cts:latinLit:phi0893.phi003:5.7	per hoc inane purpurae decus precor,
urn:cts:latinLit:phi0893.phi003:5.8	per inprobaturum haec Iovem,
urn:cts:latinLit:phi0893.phi003:5.9	quid ut noverca me intueris aut uti
urn:cts:latinLit:phi0893.phi003:5.10	petita ferro belua?"
urn:cts:latinLit:phi0893.phi003:5.11	ut haec trementi questus ore constitit
urn:cts:latinLit:phi0893.phi003:5.12	insignibus raptis puer,
urn:cts:latinLit:phi0893.phi003:5.13	inpube corpus, quale posset inpia
urn:cts:latinLit:phi0893.phi003:5.14	mollire Thracum pectora:
urn:cts:latinLit:phi0893.phi003:5.15	Canidia, brevibus illigata viperis
urn:cts:latinLit:phi0893.phi003:5.16	crinis et incomptum caput,
urn:cts:latinLit:phi0893.phi003:5.17	iubet sepulcris caprificos erutas,
urn:cts:latinLit:phi0893.phi003:5.18	iubet cupressos funebris
urn:cts:latinLit:phi0893.phi003:5.19	et uncta turpis ova ranae Sanguine
urn:cts:latinLit:phi0893.phi003:5.20	plumamque nocturnae strigis
urn:cts:latinLit:phi0893.phi003:5.21	herbasque, quas Iolcos atque Hiberia
urn:cts:latinLit:phi0893.phi003:5.22	mittit venenorum ferax,
urn:cts:latinLit:phi0893.phi003:5.23	et ossa ab ore rapta ieiunae canis
urn:cts:latinLit:phi0893.phi003:5.24	flammis aduri Colchicis.
urn:cts:latinLit:phi0893.phi003:5.25	at expedita Sagana, per totam domum
urn:cts:latinLit:phi0893.phi003:5.26	spargens Avernalis aquas,
urn:cts:latinLit:phi0893.phi003:5.27	horret capillis ut marinus asperis
urn:cts:latinLit:phi0893.phi003:5.28	echinus aut Laurens aper.
urn:cts:latinLit:phi0893.phi003:5.29	abacta nulla Veia conscientia
urn:cts:latinLit:phi0893.phi003:5.30	ligonibus duris humum
urn:cts:latinLit:phi0893.phi003:5.31	exhauriebat, ingemens laboribus,
urn:cts:latinLit:phi0893.phi003:5.32	quo posset infossus puer
urn:cts:latinLit:phi0893.phi003:5.33	longo die bis terque mutatae dapis
urn:cts:latinLit:phi0893.phi003:5.34	inemori spectaculo,
urn:cts:latinLit:phi0893.phi003:5.35	cum promineret ore, quantum exstant aqua
urn:cts:latinLit:phi0893.phi003:5.36	suspensa mento corpora;
urn:cts:latinLit:phi0893.phi003:5.37	exsucta uti medulla et aridum iecur
urn:cts:latinLit:phi0893.phi003:5.38	amoris esset poculum,
urn:cts:latinLit:phi0893.phi003:5.39	interminato cum semel fixae cibo
urn:cts:latinLit:phi0893.phi003:5.40	intabuissent pupulae.
urn:cts:latinLit:phi0893.phi003:5.41	non defuisse masculae libidinis
urn:cts:latinLit:phi0893.phi003:5.42	Ariminensem Foliam
urn:cts:latinLit:phi0893.phi003:5.43	et otiosa credidit Neapolis
urn:cts:latinLit:phi0893.phi003:5.44	et omne vicinum oppidum,
urn:cts:latinLit:phi0893.phi003:5.45	quae sidera excantata voce Thessala
urn:cts:latinLit:phi0893.phi003:5.46	lunamque caelo deripit.
urn:cts:latinLit:phi0893.phi003:5.47	hic inresectum saeva dente livido
urn:cts:latinLit:phi0893.phi003:5.48	Canidia rodens pollicem
urn:cts:latinLit:phi0893.phi003:5.49	quid dixit aut quid tacuit? "o rebus meis
urn:cts:latinLit:phi0893.phi003:5.50	non infideles arbitrae,
urn:cts:latinLit:phi0893.phi003:5.51	Nox et Diana, quae silentium regis,
urn:cts:latinLit:phi0893.phi003:5.52	arcana cum fiunt sacra,
urn:cts:latinLit:phi0893.phi003:5.53	nunc, nunc adeste, nunc in hostilis domos
urn:cts:latinLit:phi0893.phi003:5.54	iram atque numen vertite.
urn:cts:latinLit:phi0893.phi003:5.55	formidulosis cum latent silvis ferae
urn:cts:latinLit:phi0893.phi003:5.56	dulci sopore languidae,
urn:cts:latinLit:phi0893.phi003:5.57	senem, quod omnes rideant, adulterum
urn:cts:latinLit:phi0893.phi003:5.58	latrent Suburanae canes
urn:cts:latinLit:phi0893.phi003:5.59	nardo perunctum, quale non perfectius
urn:cts:latinLit:phi0893.phi003:5.60	meae laborarint manus.
urn:cts:latinLit:phi0893.phi003:5.61	quid accidit? cur dira barbarae minus
urn:cts:latinLit:phi0893.phi003:5.62	venena Medeae valent,
urn:cts:latinLit:phi0893.phi003:5.63	quibus Superbam fugit ulta paelicem,
urn:cts:latinLit:phi0893.phi003:5.64	magni Creontis filiam,
urn:cts:latinLit:phi0893.phi003:5.65	cum palla, tabo munus imbutum, novam
urn:cts:latinLit:phi0893.phi003:5.66	incendio nuptam abstulit?
urn:cts:latinLit:phi0893.phi003:5.67	atqui nec herba nec latens in asperis
urn:cts:latinLit:phi0893.phi003:5.68	radix fefellit me locis.
urn:cts:latinLit:phi0893.phi003:5.69	indormit unctis omnium cubilibus
urn:cts:latinLit:phi0893.phi003:5.70	oblivione paelicum?
urn:cts:latinLit:phi0893.phi003:5.71	a, a, solutus ambulat veneficae
urn:cts:latinLit:phi0893.phi003:5.72	scientioris carmine.
urn:cts:latinLit:phi0893.phi003:5.73	non usitatis, Vare, potionibus,
urn:cts:latinLit:phi0893.phi003:5.74	o multa fleturum caput,
urn:cts:latinLit:phi0893.phi003:5.75	ad me recurres nec vocata mens tua
urn:cts:latinLit:phi0893.phi003:5.76	Marsis redibit vocibus.
urn:cts:latinLit:phi0893.phi003:5.77	maius parabo, maius infundam tibi
urn:cts:latinLit:phi0893.phi003:5.78	fastidienti poculum
urn:cts:latinLit:phi0893.phi003:5.79	priusque caelum Sidet inferius mari
urn:cts:latinLit:phi0893.phi003:5.80	tellure porrecta super
urn:cts:latinLit:phi0893.phi003:5.81	quam non amore sic meo flagres uti
urn:cts:latinLit:phi0893.phi003:5.82	bitumen atris ignibus."
urn:cts:latinLit:phi0893.phi003:5.83	sub haec puer iam non, ut ante, mollibus
urn:cts:latinLit:phi0893.phi003:5.84	lenire verbis inpias,
urn:cts:latinLit:phi0893.phi003:5.85	sed dubius unde rumperet silentium,
urn:cts:latinLit:phi0893.phi003:5.86	misit Thyesteas preces:
urn:cts:latinLit:phi0893.phi003:5.87	"venena maga non fas nefasque, non valent
urn:cts:latinLit:phi0893.phi003:5.88	convertere humanam vicem.
urn:cts:latinLit:phi0893.phi003:5.89	diris agam vos: dira detestatio
urn:cts:latinLit:phi0893.phi003:5.90	nulla expiatur victima.
urn:cts:latinLit:phi0893.phi003:5.91	quin, ubi perire iussus exspiravero,
urn:cts:latinLit:phi0893.phi003:5.92	nocturnus occurram Furor
urn:cts:latinLit:phi0893.phi003:5.93	petamque voltus umbra curvis unguibus,
urn:cts:latinLit:phi0893.phi003:5.94	quae vis deorum est Manium,
urn:cts:latinLit:phi0893.phi003:5.95	et inquietis adsidens praecordiis
urn:cts:latinLit:phi0893.phi003:5.96	pavore somnos auferam.
urn:cts:latinLit:phi0893.phi003:5.97	vos turba vicatim hinc et hinc saxis petens
urn:cts:latinLit:phi0893.phi003:5.98	contundet obscaenas anus;
urn:cts:latinLit:phi0893.phi003:5.99	post insepulta membra different lupi
urn:cts:latinLit:phi0893.phi003:5.100	et Esquilinae alites
urn:cts:latinLit:phi0893.phi003:5.101	neque hoc parentes, heu mihi superstites,
urn:cts:latinLit:phi0893.phi003:5.102	effugerit spectaculum."

urn:cts:latinLit:phi0893.phi003:6.1	Quid inmerentis hospites vexas, canis
urn:cts:latinLit:phi0893.phi003:6.2	ignavos adversum lupos?
urn:cts:latinLit:phi0893.phi003:6.3	quin huc inanis, si potes, vertis minas
urn:cts:latinLit:phi0893.phi003:6.4	et me remorsurum petis?
urn:cts:latinLit:phi0893.phi003:6.5	nam qualis aut Molossus aut fulvos Lacon,
urn:cts:latinLit:phi0893.phi003:6.6	amica vis pastoribus,
urn:cts:latinLit:phi0893.phi003:6.7	agam per altas aure sublata nivis
urn:cts:latinLit:phi0893.phi003:6.8	quaecumque praecedet fera;
urn:cts:latinLit:phi0893.phi003:6.9	tu, cum timenda voce complesti nemus,
urn:cts:latinLit:phi0893.phi003:6.10	proiectum odoraris cibum.
urn:cts:latinLit:phi0893.phi003:6.11	cave, cave, namque in malos asperrimus
urn:cts:latinLit:phi0893.phi003:6.12	parata tollo cornua,
urn:cts:latinLit:phi0893.phi003:6.13	qualis Lycambae spretus infido gener
urn:cts:latinLit:phi0893.phi003:6.14	aut acer hostis Bupalo.
urn:cts:latinLit:phi0893.phi003:6.15	an si quis atro dente me petiverit,
urn:cts:latinLit:phi0893.phi003:6.16	inultus ut flebo puer?

urn:cts:latinLit:phi0893.phi003:7.1	Quo, quo scelesti ruitis? aut cur dexteris
urn:cts:latinLit:phi0893.phi003:7.2	aptantur enses conditi?
urn:cts:latinLit:phi0893.phi003:7.3	parumne campis atque Neptuno super
urn:cts:latinLit:phi0893.phi003:7.4	fusum est Latini sanguinis,
urn:cts:latinLit:phi0893.phi003:7.5	non ut superbas invidae Karthaginis
urn:cts:latinLit:phi0893.phi003:7.6	Romanus arces ureret,
urn:cts:latinLit:phi0893.phi003:7.7	intactus aut Britannus ut descenderet
urn:cts:latinLit:phi0893.phi003:7.8	sacra catenatus via,
urn:cts:latinLit:phi0893.phi003:7.9	sed ut Secundum vota Parthorum sua
urn:cts:latinLit:phi0893.phi003:7.10	Vrbs haec periret dextera?
urn:cts:latinLit:phi0893.phi003:7.11	neque hic lupis mos nec fuit leonibus
urn:cts:latinLit:phi0893.phi003:7.12	umquam nisi in dispar feris.
urn:cts:latinLit:phi0893.phi003:7.13	furorne caecos an rapit vis acrior
urn:cts:latinLit:phi0893.phi003:7.14	an culpa? responsum date.
urn:cts:latinLit:phi0893.phi003:7.15	tacent et albus ora pallor inficit
urn:cts:latinLit:phi0893.phi003:7.16	mentesque perculsae Stupent.
urn:cts:latinLit:phi0893.phi003:7.17	sic est: acerba fata Romanos agunt
urn:cts:latinLit:phi0893.phi003:7.18	scelusque fraternae necis,
urn:cts:latinLit:phi0893.phi003:7.19	ut inmerentis fluxit in terram Remi
urn:cts:latinLit:phi0893.phi003:7.20	sacer nepotibus cruor.

urn:cts:latinLit:phi0893.phi003:8.1	Rogare longo putidam te saeculo,
urn:cts:latinLit:phi0893.phi003:8.2	viris quid enervet meas,
urn:cts:latinLit:phi0893.phi003:8.3	cum sit tibi dens ater et rugis vetus
urn:cts:latinLit:phi0893.phi003:8.4	frontem senectus exaret
urn:cts:latinLit:phi0893.phi003:8.5	hietque turpis inter aridas natis
urn:cts:latinLit:phi0893.phi003:8.6	podex velut crudae bovis.
urn:cts:latinLit:phi0893.phi003:8.7	sed incitat me pectus et mammae putres
urn:cts:latinLit:phi0893.phi003:8.8	equina quales ubera
urn:cts:latinLit:phi0893.phi003:8.9	venterque mollis et femur tumentibus
urn:cts:latinLit:phi0893.phi003:8.10	exile suris additum.
urn:cts:latinLit:phi0893.phi003:8.11	esto beata, funus atque imagines
urn:cts:latinLit:phi0893.phi003:8.12	ducant triumphales tuom
urn:cts:latinLit:phi0893.phi003:8.13	nec sit marita, quae rotundioribus
urn:cts:latinLit:phi0893.phi003:8.14	onusta bacis ambulet.
urn:cts:latinLit:phi0893.phi003:8.15	quid? quod libelli Stoici inter Sericos
urn:cts:latinLit:phi0893.phi003:8.16	iacere pulvillos amant,
urn:cts:latinLit:phi0893.phi003:8.17	inlitterati num minus nervi rigent
urn:cts:latinLit:phi0893.phi003:8.18	minusve languet fascinum?
urn:cts:latinLit:phi0893.phi003:8.19	quod ut superbo povoces ab inguine,
urn:cts:latinLit:phi0893.phi003:8.20	ore adlaborandum est tibi.

urn:cts:latinLit:phi0893.phi003:9.1	Quando repositum Caecubum ad festas dapes
urn:cts:latinLit:phi0893.phi003:9.2	victore laetus Caesare
urn:cts:latinLit:phi0893.phi003:9.3	tecum sub alta---sic Iovi gratum---domo,
urn:cts:latinLit:phi0893.phi003:9.4	beate Maecenas, bibam
urn:cts:latinLit:phi0893.phi003:9.5	sonante mixtum tibiis carmen lyra,
urn:cts:latinLit:phi0893.phi003:9.6	hac Dorium, illis barbarum?
urn:cts:latinLit:phi0893.phi003:9.7	ut nuper, actus cum freto Neptunius
urn:cts:latinLit:phi0893.phi003:9.8	dux fugit ustis navibus
urn:cts:latinLit:phi0893.phi003:9.9	minatus Vrbi vincla, quae detraxerat
urn:cts:latinLit:phi0893.phi003:9.10	servis amicus perfidis.
urn:cts:latinLit:phi0893.phi003:9.11	Romanus eheu---posteri negabitis---
urn:cts:latinLit:phi0893.phi003:9.12	emancipatus feminae
urn:cts:latinLit:phi0893.phi003:9.13	fert vallum et arma miles et spadonibus
urn:cts:latinLit:phi0893.phi003:9.14	servire rugosis potest
urn:cts:latinLit:phi0893.phi003:9.15	interque signa turpe militaria
urn:cts:latinLit:phi0893.phi003:9.16	sol adspicit conopium.
urn:cts:latinLit:phi0893.phi003:9.17	ad hunc frementis verterunt bis mille equos
urn:cts:latinLit:phi0893.phi003:9.18	Galli canentes Caesarem
urn:cts:latinLit:phi0893.phi003:9.19	hostiliumque navium portu latent
urn:cts:latinLit:phi0893.phi003:9.20	puppes sinistrorsum citae.
urn:cts:latinLit:phi0893.phi003:9.21	io Triumphe, tu moraris aureos
urn:cts:latinLit:phi0893.phi003:9.22	currus et intactas boves?
urn:cts:latinLit:phi0893.phi003:9.23	io Triumphe, nec Iugurthino parem
urn:cts:latinLit:phi0893.phi003:9.24	bello reportasti ducem
urn:cts:latinLit:phi0893.phi003:9.25	neque Africanum, cui super Karthaginem
urn:cts:latinLit:phi0893.phi003:9.26	virtus Sepulcrum condidit.
urn:cts:latinLit:phi0893.phi003:9.27	terra marique victus hostis Punico
urn:cts:latinLit:phi0893.phi003:9.28	lugubre mutavit sagum.
urn:cts:latinLit:phi0893.phi003:9.29	aut ille centum nobilem Cretam urbibus
urn:cts:latinLit:phi0893.phi003:9.30	ventis iturus non suis
urn:cts:latinLit:phi0893.phi003:9.31	exercitatas aut petit Syrtis noto
urn:cts:latinLit:phi0893.phi003:9.32	aut fertur incerto mari.
urn:cts:latinLit:phi0893.phi003:9.33	capaciores adfer huc, puer, Scyphos
urn:cts:latinLit:phi0893.phi003:9.34	et Chia vina aut Lesbia
urn:cts:latinLit:phi0893.phi003:9.35	vel quod fluentem nauseam coerceat
urn:cts:latinLit:phi0893.phi003:9.36	metire nobis Caecubum.
urn:cts:latinLit:phi0893.phi003:9.37	curam metumque Caesaris rerum iuvat
urn:cts:latinLit:phi0893.phi003:9.38	dulci Lyaeo solvere.

urn:cts:latinLit:phi0893.phi003:10.1	Mala soluta navis exit alite
urn:cts:latinLit:phi0893.phi003:10.2	ferens olentem Mevium.
urn:cts:latinLit:phi0893.phi003:10.3	ut horridis utrumque verberes latus,
urn:cts:latinLit:phi0893.phi003:10.4	Auster, memento fluctibus;
urn:cts:latinLit:phi0893.phi003:10.5	niger rudentis Eurus inverso mari
urn:cts:latinLit:phi0893.phi003:10.6	fractosque remos differat;
urn:cts:latinLit:phi0893.phi003:10.7	insurgat Aquilo, quantus altis montibus
urn:cts:latinLit:phi0893.phi003:10.8	frangit trementis ilics;
urn:cts:latinLit:phi0893.phi003:10.9	nec sidus atra nocte amicum adpareat,
urn:cts:latinLit:phi0893.phi003:10.10	qua tristis Orion cadit;
urn:cts:latinLit:phi0893.phi003:10.11	quietiore nec feratur aequore
urn:cts:latinLit:phi0893.phi003:10.12	quam Graia victorum manus,
urn:cts:latinLit:phi0893.phi003:10.13	cum Pallas usto vertit iram ab Ilio
urn:cts:latinLit:phi0893.phi003:10.14	in inpiam Aiacis ratem.
urn:cts:latinLit:phi0893.phi003:10.15	o quantus instat navitis sudor tuis
urn:cts:latinLit:phi0893.phi003:10.16	tibique pallor luteus
urn:cts:latinLit:phi0893.phi003:10.17	et illa non virilis heiulatio
urn:cts:latinLit:phi0893.phi003:10.18	preces et aversum ad Iovem,
urn:cts:latinLit:phi0893.phi003:10.19	Ionius udo cum remugiens sinus
urn:cts:latinLit:phi0893.phi003:10.20	Noto carinam ruperit
urn:cts:latinLit:phi0893.phi003:10.21	opima quodsi praeda curvo litore
urn:cts:latinLit:phi0893.phi003:10.22	porrecta mergos iuverit,
urn:cts:latinLit:phi0893.phi003:10.23	libidinosus immolabitur caper
urn:cts:latinLit:phi0893.phi003:10.24	et agna Tempestatibus.

urn:cts:latinLit:phi0893.phi003:11.1	Petti, nihil me sicut antea iuvat
urn:cts:latinLit:phi0893.phi003:11.2	scribere versiculos amore percussum gravi,
urn:cts:latinLit:phi0893.phi003:11.3	amore, qui me praeter omnis expetit
urn:cts:latinLit:phi0893.phi003:11.4	mollibus in pueris aut in puellis urere.
urn:cts:latinLit:phi0893.phi003:11.5	hic tertius December, ex quo destiti
urn:cts:latinLit:phi0893.phi003:11.6	Inachia furere, silvis honorem decutit.
urn:cts:latinLit:phi0893.phi003:11.7	heu me, per Vrbem (nam pudet tanti mali)
urn:cts:latinLit:phi0893.phi003:11.8	fabula quanta fui, conviviorum et paenitet,
urn:cts:latinLit:phi0893.phi003:11.9	in quis amantem languor et silentium
urn:cts:latinLit:phi0893.phi003:11.10	arguit et latere petitus imo spiritus.
urn:cts:latinLit:phi0893.phi003:11.11	"contrane lucrum nil valere candidum
urn:cts:latinLit:phi0893.phi003:11.12	pauperis ingenium" querebar adplorans tibi,
urn:cts:latinLit:phi0893.phi003:11.13	simul calentis inverecundus deus
urn:cts:latinLit:phi0893.phi003:11.14	fervidiore mero arcana promorat loco.
urn:cts:latinLit:phi0893.phi003:11.15	"quodsi meis inaestuet praecordiis
urn:cts:latinLit:phi0893.phi003:11.16	libera bilis, ut haec ingrata ventis dividat
urn:cts:latinLit:phi0893.phi003:11.17	fomenta volnus nil malum levantia,
urn:cts:latinLit:phi0893.phi003:11.18	desinet inparibus certare submotus pudor."
urn:cts:latinLit:phi0893.phi003:11.19	ubi haec severus te palam laudaveram,
urn:cts:latinLit:phi0893.phi003:11.20	iussus abire domum ferebar incerto pede
urn:cts:latinLit:phi0893.phi003:11.21	ad non amicos heu mihi postis et heu
urn:cts:latinLit:phi0893.phi003:11.22	limina dura, quibus lumbos et infregi latus.
urn:cts:latinLit:phi0893.phi003:11.23	nunc gloriantis quamlibet mulierculam
urn:cts:latinLit:phi0893.phi003:11.24	vincere mollitia amor Lycisci me tenet;
urn:cts:latinLit:phi0893.phi003:11.25	unde expedire non amicorum queant
urn:cts:latinLit:phi0893.phi003:11.26	libera consilia nec contumeliae graves,
urn:cts:latinLit:phi0893.phi003:11.27	sed alius ardor aut puellae candidae
urn:cts:latinLit:phi0893.phi003:11.28	aut teretis pueri longam renodantis comam.

urn:cts:latinLit:phi0893.phi003:12.1	Quid tibi vis, mulier nigris dignissima barris?
urn:cts:latinLit:phi0893.phi003:12.2	munera quid mihi quidve tabellas
urn:cts:latinLit:phi0893.phi003:12.3	mittis nec firmo iuveni neque naris obesae?
urn:cts:latinLit:phi0893.phi003:12.4	namque sagacius unus odoror,
urn:cts:latinLit:phi0893.phi003:12.5	polypus an gravis hirsutis cubet hircus in alis
urn:cts:latinLit:phi0893.phi003:12.6	quam canis acer ubi lateat sus.
urn:cts:latinLit:phi0893.phi003:12.7	qui sudor vietis et quam malus undique membris
urn:cts:latinLit:phi0893.phi003:12.8	crescit odor, cum pene Soluto
urn:cts:latinLit:phi0893.phi003:12.9	indomitam properat rabiem sedare, neque illi
urn:cts:latinLit:phi0893.phi003:12.10	iam manet umida creta colorque
urn:cts:latinLit:phi0893.phi003:12.11	stercore fucatus crocodili iamque Subando
urn:cts:latinLit:phi0893.phi003:12.12	tenta cubilia tectaque rumpit.
urn:cts:latinLit:phi0893.phi003:12.13	vel mea cum saevis agitat fastidia verbis:
urn:cts:latinLit:phi0893.phi003:12.14	"Inachia langues minus ac me;
urn:cts:latinLit:phi0893.phi003:12.15	Inachiam ter nocte potes, mihi Semper ad unum
urn:cts:latinLit:phi0893.phi003:12.16	mollis opus. pereat male quae te
urn:cts:latinLit:phi0893.phi003:12.17	Lesbia quaerenti taurum monstravit inertem.
urn:cts:latinLit:phi0893.phi003:12.18	cum mihi Cous adesset Amyntas,
urn:cts:latinLit:phi0893.phi003:12.19	cuius in indomito constantior inguine nervos
urn:cts:latinLit:phi0893.phi003:12.20	quam nova collibus arbor inhaeret.
urn:cts:latinLit:phi0893.phi003:12.21	muricibus Tyriis iteratae vellera lanae
urn:cts:latinLit:phi0893.phi003:12.22	cui properabantur? tibi nempe,
urn:cts:latinLit:phi0893.phi003:12.23	ne foret aequalis inter conviva, magis quem
urn:cts:latinLit:phi0893.phi003:12.24	diligeret mulier sua quam te.
urn:cts:latinLit:phi0893.phi003:12.25	o ego non felix, quam tu fugis, ut pavet acris
urn:cts:latinLit:phi0893.phi003:12.26	agna lupos capreaeque leones!"

urn:cts:latinLit:phi0893.phi003:13.1	Horrida tempestas caelum contraxit et imbres
urn:cts:latinLit:phi0893.phi003:13.2	nivesque deducunt Iovem; nunc mare, nunc siluae
urn:cts:latinLit:phi0893.phi003:13.3	Threicio Aquilone sonant. rapiamus, amici,
urn:cts:latinLit:phi0893.phi003:13.4	Occasionem de die dumque virent genua
urn:cts:latinLit:phi0893.phi003:13.5	et decet, obducta solvatur fronte senectus.
urn:cts:latinLit:phi0893.phi003:13.6	tu vina Torquato move consule pressa meo.
urn:cts:latinLit:phi0893.phi003:13.7	cetera mitte loqui: deus haec fortasse benigna
urn:cts:latinLit:phi0893.phi003:13.8	reducet in sedem vice. nunc et Achaemenio
urn:cts:latinLit:phi0893.phi003:13.9	perfundi nardo iuvat et fide Cyllenea
urn:cts:latinLit:phi0893.phi003:13.10	levare diris pectora Sollicitudinibus,
urn:cts:latinLit:phi0893.phi003:13.11	nobilis ut grandi cecinit Centaurus alumno:
urn:cts:latinLit:phi0893.phi003:13.12	"invicte, mortalis dea nate puer Thetide,
urn:cts:latinLit:phi0893.phi003:13.13	te manet Assaraci tellus, quam frigida parvi
urn:cts:latinLit:phi0893.phi003:13.14	findunt Scamandri flumina lubricus et Simois,
urn:cts:latinLit:phi0893.phi003:13.15	unde tibi reditum certo Subtemine Parcae
urn:cts:latinLit:phi0893.phi003:13.16	rupere, nec mater domum caerula te revehet.
urn:cts:latinLit:phi0893.phi003:13.17	illic omne malum vino cantuque levato,
urn:cts:latinLit:phi0893.phi003:13.18	deformis aegrimoniae dulcibus adloquiis."

urn:cts:latinLit:phi0893.phi003:14.1	Mollis inertia cur tantam diffuderit imis
urn:cts:latinLit:phi0893.phi003:14.2	oblivionem sensibus,
urn:cts:latinLit:phi0893.phi003:14.3	pocula Lethaeos ut si ducentia somnos
urn:cts:latinLit:phi0893.phi003:14.4	arente fauce traxerim,
urn:cts:latinLit:phi0893.phi003:14.5	candide Maecenas, occidis Saepe rogando:
urn:cts:latinLit:phi0893.phi003:14.6	deus, deus nam me vetat
urn:cts:latinLit:phi0893.phi003:14.7	inceptos, olim promissum carmen, iambos
urn:cts:latinLit:phi0893.phi003:14.8	ad umbilicum adducere.
urn:cts:latinLit:phi0893.phi003:14.9	non aliter Samio dicunt arsisse Bathyllo
urn:cts:latinLit:phi0893.phi003:14.10	Anacreonta Teium,
urn:cts:latinLit:phi0893.phi003:14.11	qui persaepe cava testudine flevit amorem
urn:cts:latinLit:phi0893.phi003:14.12	non elaboratum ad pedem.
urn:cts:latinLit:phi0893.phi003:14.13	ureris ipse miser: quodsi non pulcrior ignis
urn:cts:latinLit:phi0893.phi003:14.14	accendit obsessam Ilion,
urn:cts:latinLit:phi0893.phi003:14.15	gaude sorte tua; me libertina, nec uno
urn:cts:latinLit:phi0893.phi003:14.16	contenta, Phryne macerat.

urn:cts:latinLit:phi0893.phi003:15.1	Nox erat et caelo fulgebat Luna sereno
urn:cts:latinLit:phi0893.phi003:15.2	inter minora sidera,
urn:cts:latinLit:phi0893.phi003:15.3	cum tu, magnorum numen laesura deorum,
urn:cts:latinLit:phi0893.phi003:15.4	in verba iurabas mea,
urn:cts:latinLit:phi0893.phi003:15.5	artius atque hedera procera adstringitur ilex
urn:cts:latinLit:phi0893.phi003:15.6	lentis adhaerens bracchiis;
urn:cts:latinLit:phi0893.phi003:15.7	dum pecori lupus et nautis infestus Orion
urn:cts:latinLit:phi0893.phi003:15.8	turbaret hibernum mare
urn:cts:latinLit:phi0893.phi003:15.9	intonsosque agitaret Apollinis aura capillos,
urn:cts:latinLit:phi0893.phi003:15.10	fore hunc amorem mutuom,
urn:cts:latinLit:phi0893.phi003:15.11	o dolitura mea multum virtute Neaera:
urn:cts:latinLit:phi0893.phi003:15.12	nam siquid in Flacco viri est,
urn:cts:latinLit:phi0893.phi003:15.13	non feret adsiduas potiori te dare noctes
urn:cts:latinLit:phi0893.phi003:15.14	et quaeret iratus parem
urn:cts:latinLit:phi0893.phi003:15.15	nec semel offensi cedet constantia formae,
urn:cts:latinLit:phi0893.phi003:15.16	si certus intrarit dolor.
urn:cts:latinLit:phi0893.phi003:15.17	et tu, quicumque es felicior atque meo nunc
urn:cts:latinLit:phi0893.phi003:15.18	superbus incedis malo,
urn:cts:latinLit:phi0893.phi003:15.19	sis pecore et multa dives tellure licebit
urn:cts:latinLit:phi0893.phi003:15.20	tibique Pactolus fluat
urn:cts:latinLit:phi0893.phi003:15.21	nec te Pythagorae fallant arcana renati
urn:cts:latinLit:phi0893.phi003:15.22	formaque vincas Nirea,
urn:cts:latinLit:phi0893.phi003:15.23	heu heu, translatos alio maerebis amores,
urn:cts:latinLit:phi0893.phi003:15.24	ast ego vicissim risero.

urn:cts:latinLit:phi0893.phi003:16.1	Altera iam teritur bellis civilibus aetas,
urn:cts:latinLit:phi0893.phi003:16.2	suis et ipsa Roma viribus ruit.
urn:cts:latinLit:phi0893.phi003:16.3	quam neque finitimi valuerunt perdere Marsi
urn:cts:latinLit:phi0893.phi003:16.4	minacis aut Etrusca Porsenae manus,
urn:cts:latinLit:phi0893.phi003:16.5	aemula nec virtus Capuae nec Spartacus acer
urn:cts:latinLit:phi0893.phi003:16.6	novisque rebus infidelis Allobrox
urn:cts:latinLit:phi0893.phi003:16.7	nec fera caerulea domuit Germania pube
urn:cts:latinLit:phi0893.phi003:16.8	parentibusque abominatus Hannibal:
urn:cts:latinLit:phi0893.phi003:16.9	inpia perdemus devoti sanguinis aetas
urn:cts:latinLit:phi0893.phi003:16.10	ferisque rursus occupabitur solum:
urn:cts:latinLit:phi0893.phi003:16.11	barbarus heu cineres insistet victor et Vrbem
urn:cts:latinLit:phi0893.phi003:16.12	eques sonante verberabit ungula,
urn:cts:latinLit:phi0893.phi003:16.13	quaeque carent ventis et solibus ossa Quirini,
urn:cts:latinLit:phi0893.phi003:16.14	(nefas videre) dissipabit insolens.
urn:cts:latinLit:phi0893.phi003:16.15	forte quid expediat communiter aut melior pars,
urn:cts:latinLit:phi0893.phi003:16.16	malis carere quaeritis laboribus;
urn:cts:latinLit:phi0893.phi003:16.17	nulla sit hac potior sententia: Phocaeorum
urn:cts:latinLit:phi0893.phi003:16.18	velut profugit exsecrata civitas
urn:cts:latinLit:phi0893.phi003:16.19	agros atque lares patrios habitandaque fana
urn:cts:latinLit:phi0893.phi003:16.20	apris reliquit et rapacibus lupis,
urn:cts:latinLit:phi0893.phi003:16.21	ire, pedes quocumque ferent, quocumque per undas
urn:cts:latinLit:phi0893.phi003:16.22	Notus vocabit aut protervos Africus.
urn:cts:latinLit:phi0893.phi003:16.23	sic placet? an melius quis habet suadere? Secunda
urn:cts:latinLit:phi0893.phi003:16.24	ratem occupare quid moramur alite?
urn:cts:latinLit:phi0893.phi003:16.25	sed iuremus in haec: "simul imis saxa renarint
urn:cts:latinLit:phi0893.phi003:16.26	vadis levata, ne redire sit nefas;
urn:cts:latinLit:phi0893.phi003:16.27	neu conversa domum pigeat dare lintea, quando
urn:cts:latinLit:phi0893.phi003:16.28	Padus Matina laverit cacumina,
urn:cts:latinLit:phi0893.phi003:16.29	in mare seu celsus procurrerit Appenninus
urn:cts:latinLit:phi0893.phi003:16.30	novaque monstra iunxerit libidine
urn:cts:latinLit:phi0893.phi003:16.31	mirus amor, iuvet ut tigris subsidere cervis,
urn:cts:latinLit:phi0893.phi003:16.32	adulteretur et columba miluo,
urn:cts:latinLit:phi0893.phi003:16.33	credula nec ravos timeant armenta leones
urn:cts:latinLit:phi0893.phi003:16.34	ametque salsa levis hircus aequora."
urn:cts:latinLit:phi0893.phi003:16.35	haec et quae poterunt reditus abscindere dulcis
urn:cts:latinLit:phi0893.phi003:16.36	eamus omnis exsecrata civitas
urn:cts:latinLit:phi0893.phi003:16.37	aut pars indocili melior grege; mollis et exspes
urn:cts:latinLit:phi0893.phi003:16.38	inominata perpremat cubilia.
urn:cts:latinLit:phi0893.phi003:16.39	vos, quibus est virtus, muliebrem tollite luctum,
urn:cts:latinLit:phi0893.phi003:16.40	Etrusca praeter et volate litora.
urn:cts:latinLit:phi0893.phi003:16.41	nos manet Oceanus circum vagus: arva beata
urn:cts:latinLit:phi0893.phi003:16.42	petamus, arva divites et insulas,
urn:cts:latinLit:phi0893.phi003:16.43	reddit ubi cererem tellus inarata quotannis
urn:cts:latinLit:phi0893.phi003:16.44	et inputata floret usque vinea,
urn:cts:latinLit:phi0893.phi003:16.45	germinat et numquam fallentis termes olivae
urn:cts:latinLit:phi0893.phi003:16.46	suamque pulla ficus ornat arborem,
urn:cts:latinLit:phi0893.phi003:16.47	mella cava manant ex ilice, montibus altis
urn:cts:latinLit:phi0893.phi003:16.48	levis crepante lympha desilit pede.
urn:cts:latinLit:phi0893.phi003:16.49	illic iniussae veniunt ad mulctra capellae
urn:cts:latinLit:phi0893.phi003:16.50	refertque tenta grex amicus ubera
urn:cts:latinLit:phi0893.phi003:16.51	nec vespertinus circumgemit ursus ovile
urn:cts:latinLit:phi0893.phi003:16.52	nec intumescit alta viperis humus;
urn:cts:latinLit:phi0893.phi003:16.53	pluraque felices mirabimur, ut neque largis
urn:cts:latinLit:phi0893.phi003:16.54	aquosus Eurus arva radat imbribus,
urn:cts:latinLit:phi0893.phi003:16.55	pinguia nec siccis urantur semina glaebis,
urn:cts:latinLit:phi0893.phi003:16.56	utrumque rege temperante caelitum.
urn:cts:latinLit:phi0893.phi003:16.57	non huc Argoo contendit remige pinus
urn:cts:latinLit:phi0893.phi003:16.58	neque inpudica Colchis intulit pedem,
urn:cts:latinLit:phi0893.phi003:16.59	non huc Sidonii torserunt cornua nautae,
urn:cts:latinLit:phi0893.phi003:16.60	laboriosa nec cohors Vlixei.
urn:cts:latinLit:phi0893.phi003:16.61	nulla nocent pecori contagia, nullius astri
urn:cts:latinLit:phi0893.phi003:16.62	gregem aestuosa torret impotentia.
urn:cts:latinLit:phi0893.phi003:16.63	Iuppiter illa piae secrevit litora genti,
urn:cts:latinLit:phi0893.phi003:16.64	ut inquinavit aere tempus aureum,
urn:cts:latinLit:phi0893.phi003:16.65	aere, dehinc ferro duravit saecula, quorum
urn:cts:latinLit:phi0893.phi003:16.66	piis secunda vate me datur fuga.

urn:cts:latinLit:phi0893.phi003:17.1	"Iam iam efficaci do manus scientiae,
urn:cts:latinLit:phi0893.phi003:17.2	supplex et oro regna per Proserpinae,
urn:cts:latinLit:phi0893.phi003:17.3	per et Dianae non movenda numina,
urn:cts:latinLit:phi0893.phi003:17.4	per atque libros carminum valentium
urn:cts:latinLit:phi0893.phi003:17.5	refixa caelo devocare sidera,
urn:cts:latinLit:phi0893.phi003:17.6	Canidia: parce vocibus tandem sacris
urn:cts:latinLit:phi0893.phi003:17.7	citumque retro solve, solve turbinem.
urn:cts:latinLit:phi0893.phi003:17.8	movit nepotem Telephus Nereium,
urn:cts:latinLit:phi0893.phi003:17.9	in quem superbus ordinarat agmina
urn:cts:latinLit:phi0893.phi003:17.10	Mysorum et in quem tela acuta torserat.
urn:cts:latinLit:phi0893.phi003:17.11	unxere matres Iliae additum feris
urn:cts:latinLit:phi0893.phi003:17.12	alitibus atque canibus homicidam Hectorem,
urn:cts:latinLit:phi0893.phi003:17.13	postquam relictis moenibus rex procidit
urn:cts:latinLit:phi0893.phi003:17.14	heu pervicacis ad pedes Achillei.
urn:cts:latinLit:phi0893.phi003:17.15	saetosa duris exuere pellibus
urn:cts:latinLit:phi0893.phi003:17.16	laboriosi remiges Vlixei
urn:cts:latinLit:phi0893.phi003:17.17	volente Circa membra; tunc mens et sonus
urn:cts:latinLit:phi0893.phi003:17.18	relapsus atque notus in voltus honor.
urn:cts:latinLit:phi0893.phi003:17.19	dedi satis superque poenarum tibi,
urn:cts:latinLit:phi0893.phi003:17.20	amata nautis multum et institoribus.
urn:cts:latinLit:phi0893.phi003:17.21	fugit iuventas et verecundus color
urn:cts:latinLit:phi0893.phi003:17.22	reliquit ossa pelle amicta lurida,
urn:cts:latinLit:phi0893.phi003:17.23	tuis capillus albus est odoribus,
urn:cts:latinLit:phi0893.phi003:17.24	nullum a labore me reclinat otium;
urn:cts:latinLit:phi0893.phi003:17.25	urget diem nox et dies noctem neque est
urn:cts:latinLit:phi0893.phi003:17.26	levare tenta spiritu praecordia.
urn:cts:latinLit:phi0893.phi003:17.27	ergo negatum vincor ut credam miser,
urn:cts:latinLit:phi0893.phi003:17.28	Sabella pectus increpare carmina
urn:cts:latinLit:phi0893.phi003:17.29	caputque Marsa dissilire nenia.
urn:cts:latinLit:phi0893.phi003:17.30	quid amplius vis? o mare et terra, ardeo,
urn:cts:latinLit:phi0893.phi003:17.31	quantum neque atro delibutus Hercules
urn:cts:latinLit:phi0893.phi003:17.32	Nessi cruore nec Sicana fervida
urn:cts:latinLit:phi0893.phi003:17.33	virens in Aetna flamma; tu, donec cinis
urn:cts:latinLit:phi0893.phi003:17.34	iniuriosis aridus ventis ferar,
urn:cts:latinLit:phi0893.phi003:17.35	cales venenis officina Colchicis.
urn:cts:latinLit:phi0893.phi003:17.36	quae finis aut quod me manet stipendium?
urn:cts:latinLit:phi0893.phi003:17.37	effare; iussas cum fide poenas luam,
urn:cts:latinLit:phi0893.phi003:17.38	paratus expiare, seu poposceris
urn:cts:latinLit:phi0893.phi003:17.39	centum iuvencos sive mendaci lyra
urn:cts:latinLit:phi0893.phi003:17.40	voles sonare: "tu pudica, tu proba
urn:cts:latinLit:phi0893.phi003:17.41	perambulabis astra sidus aureum."
urn:cts:latinLit:phi0893.phi003:17.42	infamis Helenae Castor offensus vice
urn:cts:latinLit:phi0893.phi003:17.43	fraterque magni Castoris, victi prece,
urn:cts:latinLit:phi0893.phi003:17.44	adempta vati reddidere lumina:
urn:cts:latinLit:phi0893.phi003:17.45	et tu, potes nam, solve me dementia,
urn:cts:latinLit:phi0893.phi003:17.46	o nec paternis obsoleta sordibus
urn:cts:latinLit:phi0893.phi003:17.47	neque in sepulcris pauperum prudens anus
urn:cts:latinLit:phi0893.phi003:17.48	novendialis dissipare pulveres.
urn:cts:latinLit:phi0893.phi003:17.49	tibi hospitale pectus et purae manus
urn:cts:latinLit:phi0893.phi003:17.50	tuosque venter Pactumeius et tuo
urn:cts:latinLit:phi0893.phi003:17.51	cruore rubros obstetrix pannos lavit,
urn:cts:latinLit:phi0893.phi003:17.52	utcumque fortis exsilis puerpera."
urn:cts:latinLit:phi0893.phi003:17.53	"quid obseratis auribus fundis preces?
urn:cts:latinLit:phi0893.phi003:17.54	non saxa nudis surdiora navitis
urn:cts:latinLit:phi0893.phi003:17.55	Neptunus alto tundit hibernus salo.
urn:cts:latinLit:phi0893.phi003:17.56	inultus ut tu riseris Cotytia
urn:cts:latinLit:phi0893.phi003:17.57	volgata, sacrum liberi Cupidinis,
urn:cts:latinLit:phi0893.phi003:17.58	et Esquilini pontifex venefici
urn:cts:latinLit:phi0893.phi003:17.59	inpune ut Vrbem nomine inpleris meo?
urn:cts:latinLit:phi0893.phi003:17.60	quid proderat ditasse Paelignas anus
urn:cts:latinLit:phi0893.phi003:17.61	velociusve miscuisse toxicum?
urn:cts:latinLit:phi0893.phi003:17.62	sed tardiora fata te votis manent:
urn:cts:latinLit:phi0893.phi003:17.63	ingrata misero vita ducenda est in hoc,
urn:cts:latinLit:phi0893.phi003:17.64	novis ut usque suppetas laboribus.
urn:cts:latinLit:phi0893.phi003:17.65	optat quietem Pelopis infidi pater,
urn:cts:latinLit:phi0893.phi003:17.66	egens benignae Tantalus semper dapis,
urn:cts:latinLit:phi0893.phi003:17.67	optat Prometheus obligatus aliti,
urn:cts:latinLit:phi0893.phi003:17.68	optat supremo collocare Sisyphus
urn:cts:latinLit:phi0893.phi003:17.69	in monte saxum; sed vetant leges Iovis.
urn:cts:latinLit:phi0893.phi003:17.70	voles modo altis desilire turribus,
urn:cts:latinLit:phi0893.phi003:17.71	frustraque vincla gutturi innectes tuo
urn:cts:latinLit:phi0893.phi003:17.72	modo ense pectus Norico recludere
urn:cts:latinLit:phi0893.phi003:17.73	fastidiosa tristis aegrimonia.
urn:cts:latinLit:phi0893.phi003:17.74	vectabor umeris tunc ego inimicis eques
urn:cts:latinLit:phi0893.phi003:17.75	meaeque terra cedet insolentiae.
urn:cts:latinLit:phi0893.phi003:17.76	an quae movere cereas imagines,
urn:cts:latinLit:phi0893.phi003:17.77	ut ipse nosti curiosus, et polo
urn:cts:latinLit:phi0893.phi003:17.78	deripere lunam vocibus possim meis,
urn:cts:latinLit:phi0893.phi003:17.79	possim crematos excitare mortuos
urn:cts:latinLit:phi0893.phi003:17.80	desiderique temperare pocula,
urn:cts:latinLit:phi0893.phi003:17.81	plorem artis in te nil agentis exitus?"
